name,path
PhysRevX.1.010001.json,C:/Users/hexie/Documents/APS-papers-data-010417-take2/aps-metadata/aps-dataset-metadata-2015/PRX\1\PhysRevX.1.010001.json
PhysRevX.1.011001.json,C:/Users/hexie/Documents/APS-papers-data-010417-take2/aps-metadata/aps-dataset-metadata-2015/PRX\1\PhysRevX.1.011001.json
PhysRevX.1.011002.json,C:/Users/hexie/Documents/APS-papers-data-010417-take2/aps-metadata/aps-dataset-metadata-2015/PRX\1\PhysRevX.1.011002.json
PhysRevX.1.011003.json,C:/Users/hexie/Documents/APS-papers-data-010417-take2/aps-metadata/aps-dataset-metadata-2015/PRX\1\PhysRevX.1.011003.json
PhysRevX.1.011004.json,C:/Users/hexie/Documents/APS-papers-data-010417-take2/aps-metadata/aps-dataset-metadata-2015/PRX\1\PhysRevX.1.011004.json
PhysRevX.1.011005.json,C:/Users/hexie/Documents/APS-papers-data-010417-take2/aps-metadata/aps-dataset-metadata-2015/PRX\1\PhysRevX.1.011005.json
PhysRevX.1.011006.json,C:/Users/hexie/Documents/APS-papers-data-010417-take2/aps-metadata/aps-dataset-metadata-2015/PRX\1\PhysRevX.1.011006.json
PhysRevX.1.011007.json,C:/Users/hexie/Documents/APS-papers-data-010417-take2/aps-metadata/aps-dataset-metadata-2015/PRX\1\PhysRevX.1.011007.json
PhysRevX.1.011008.json,C:/Users/hexie/Documents/APS-papers-data-010417-take2/aps-metadata/aps-dataset-metadata-2015/PRX\1\PhysRevX.1.011008.json
PhysRevX.1.011009.json,C:/Users/hexie/Documents/APS-papers-data-010417-take2/aps-metadata/aps-dataset-metadata-2015/PRX\1\PhysRevX.1.011009.json
PhysRevX.1.011010.json,C:/Users/hexie/Documents/APS-papers-data-010417-take2/aps-metadata/aps-dataset-metadata-2015/PRX\1\PhysRevX.1.011010.json
PhysRevX.1.011011.json,C:/Users/hexie/Documents/APS-papers-data-010417-take2/aps-metadata/aps-dataset-metadata-2015/PRX\1\PhysRevX.1.011011.json
PhysRevX.1.011012.json,C:/Users/hexie/Documents/APS-papers-data-010417-take2/aps-metadata/aps-dataset-metadata-2015/PRX\1\PhysRevX.1.011012.json
PhysRevX.1.021001.json,C:/Users/hexie/Documents/APS-papers-data-010417-take2/aps-metadata/aps-dataset-metadata-2015/PRX\1\PhysRevX.1.021001.json
PhysRevX.1.021002.json,C:/Users/hexie/Documents/APS-papers-data-010417-take2/aps-metadata/aps-dataset-metadata-2015/PRX\1\PhysRevX.1.021002.json
PhysRevX.1.021003.json,C:/Users/hexie/Documents/APS-papers-data-010417-take2/aps-metadata/aps-dataset-metadata-2015/PRX\1\PhysRevX.1.021003.json
PhysRevX.1.021004.json,C:/Users/hexie/Documents/APS-papers-data-010417-take2/aps-metadata/aps-dataset-metadata-2015/PRX\1\PhysRevX.1.021004.json
PhysRevX.1.021005.json,C:/Users/hexie/Documents/APS-papers-data-010417-take2/aps-metadata/aps-dataset-metadata-2015/PRX\1\PhysRevX.1.021005.json
PhysRevX.1.021006.json,C:/Users/hexie/Documents/APS-papers-data-010417-take2/aps-metadata/aps-dataset-metadata-2015/PRX\1\PhysRevX.1.021006.json
PhysRevX.1.021007.json,C:/Users/hexie/Documents/APS-papers-data-010417-take2/aps-metadata/aps-dataset-metadata-2015/PRX\1\PhysRevX.1.021007.json
PhysRevX.1.021008.json,C:/Users/hexie/Documents/APS-papers-data-010417-take2/aps-metadata/aps-dataset-metadata-2015/PRX\1\PhysRevX.1.021008.json
PhysRevX.1.021009.json,C:/Users/hexie/Documents/APS-papers-data-010417-take2/aps-metadata/aps-dataset-metadata-2015/PRX\1\PhysRevX.1.021009.json
PhysRevX.1.021010.json,C:/Users/hexie/Documents/APS-papers-data-010417-take2/aps-metadata/aps-dataset-metadata-2015/PRX\1\PhysRevX.1.021010.json
PhysRevX.1.021011.json,C:/Users/hexie/Documents/APS-papers-data-010417-take2/aps-metadata/aps-dataset-metadata-2015/PRX\1\PhysRevX.1.021011.json
PhysRevX.1.021012.json,C:/Users/hexie/Documents/APS-papers-data-010417-take2/aps-metadata/aps-dataset-metadata-2015/PRX\1\PhysRevX.1.021012.json
PhysRevX.1.021013.json,C:/Users/hexie/Documents/APS-papers-data-010417-take2/aps-metadata/aps-dataset-metadata-2015/PRX\1\PhysRevX.1.021013.json
PhysRevX.1.021014.json,C:/Users/hexie/Documents/APS-papers-data-010417-take2/aps-metadata/aps-dataset-metadata-2015/PRX\1\PhysRevX.1.021014.json
PhysRevX.1.021015.json,C:/Users/hexie/Documents/APS-papers-data-010417-take2/aps-metadata/aps-dataset-metadata-2015/PRX\1\PhysRevX.1.021015.json
PhysRevX.1.021016.json,C:/Users/hexie/Documents/APS-papers-data-010417-take2/aps-metadata/aps-dataset-metadata-2015/PRX\1\PhysRevX.1.021016.json
PhysRevX.1.021017.json,C:/Users/hexie/Documents/APS-papers-data-010417-take2/aps-metadata/aps-dataset-metadata-2015/PRX\1\PhysRevX.1.021017.json
PhysRevX.1.021018.json,C:/Users/hexie/Documents/APS-papers-data-010417-take2/aps-metadata/aps-dataset-metadata-2015/PRX\1\PhysRevX.1.021018.json
PhysRevX.1.021019.json,C:/Users/hexie/Documents/APS-papers-data-010417-take2/aps-metadata/aps-dataset-metadata-2015/PRX\1\PhysRevX.1.021019.json
PhysRevX.1.021020.json,C:/Users/hexie/Documents/APS-papers-data-010417-take2/aps-metadata/aps-dataset-metadata-2015/PRX\1\PhysRevX.1.021020.json
PhysRevX.1.021021.json,C:/Users/hexie/Documents/APS-papers-data-010417-take2/aps-metadata/aps-dataset-metadata-2015/PRX\1\PhysRevX.1.021021.json
PhysRevX.1.021022.json,C:/Users/hexie/Documents/APS-papers-data-010417-take2/aps-metadata/aps-dataset-metadata-2015/PRX\1\PhysRevX.1.021022.json
PhysRevX.1.021023.json,C:/Users/hexie/Documents/APS-papers-data-010417-take2/aps-metadata/aps-dataset-metadata-2015/PRX\1\PhysRevX.1.021023.json
PhysRevX.1.021024.json,C:/Users/hexie/Documents/APS-papers-data-010417-take2/aps-metadata/aps-dataset-metadata-2015/PRX\1\PhysRevX.1.021024.json
PhysRevX.1.021025.json,C:/Users/hexie/Documents/APS-papers-data-010417-take2/aps-metadata/aps-dataset-metadata-2015/PRX\1\PhysRevX.1.021025.json
PhysRevX.1.021026.json,C:/Users/hexie/Documents/APS-papers-data-010417-take2/aps-metadata/aps-dataset-metadata-2015/PRX\1\PhysRevX.1.021026.json
PhysRevX.1.029901.json,C:/Users/hexie/Documents/APS-papers-data-010417-take2/aps-metadata/aps-dataset-metadata-2015/PRX\1\PhysRevX.1.029901.json
PhysRevX.2.010001.json,C:/Users/hexie/Documents/APS-papers-data-010417-take2/aps-metadata/aps-dataset-metadata-2015/PRX\2\PhysRevX.2.010001.json
PhysRevX.2.011001.json,C:/Users/hexie/Documents/APS-papers-data-010417-take2/aps-metadata/aps-dataset-metadata-2015/PRX\2\PhysRevX.2.011001.json
PhysRevX.2.011002.json,C:/Users/hexie/Documents/APS-papers-data-010417-take2/aps-metadata/aps-dataset-metadata-2015/PRX\2\PhysRevX.2.011002.json
PhysRevX.2.011003.json,C:/Users/hexie/Documents/APS-papers-data-010417-take2/aps-metadata/aps-dataset-metadata-2015/PRX\2\PhysRevX.2.011003.json
PhysRevX.2.011004.json,C:/Users/hexie/Documents/APS-papers-data-010417-take2/aps-metadata/aps-dataset-metadata-2015/PRX\2\PhysRevX.2.011004.json
PhysRevX.2.011005.json,C:/Users/hexie/Documents/APS-papers-data-010417-take2/aps-metadata/aps-dataset-metadata-2015/PRX\2\PhysRevX.2.011005.json
PhysRevX.2.011006.json,C:/Users/hexie/Documents/APS-papers-data-010417-take2/aps-metadata/aps-dataset-metadata-2015/PRX\2\PhysRevX.2.011006.json
PhysRevX.2.011007.json,C:/Users/hexie/Documents/APS-papers-data-010417-take2/aps-metadata/aps-dataset-metadata-2015/PRX\2\PhysRevX.2.011007.json
PhysRevX.2.011008.json,C:/Users/hexie/Documents/APS-papers-data-010417-take2/aps-metadata/aps-dataset-metadata-2015/PRX\2\PhysRevX.2.011008.json
PhysRevX.2.011009.json,C:/Users/hexie/Documents/APS-papers-data-010417-take2/aps-metadata/aps-dataset-metadata-2015/PRX\2\PhysRevX.2.011009.json
PhysRevX.2.011010.json,C:/Users/hexie/Documents/APS-papers-data-010417-take2/aps-metadata/aps-dataset-metadata-2015/PRX\2\PhysRevX.2.011010.json
PhysRevX.2.011011.json,C:/Users/hexie/Documents/APS-papers-data-010417-take2/aps-metadata/aps-dataset-metadata-2015/PRX\2\PhysRevX.2.011011.json
PhysRevX.2.011012.json,C:/Users/hexie/Documents/APS-papers-data-010417-take2/aps-metadata/aps-dataset-metadata-2015/PRX\2\PhysRevX.2.011012.json
PhysRevX.2.011013.json,C:/Users/hexie/Documents/APS-papers-data-010417-take2/aps-metadata/aps-dataset-metadata-2015/PRX\2\PhysRevX.2.011013.json
PhysRevX.2.011014.json,C:/Users/hexie/Documents/APS-papers-data-010417-take2/aps-metadata/aps-dataset-metadata-2015/PRX\2\PhysRevX.2.011014.json
PhysRevX.2.011015.json,C:/Users/hexie/Documents/APS-papers-data-010417-take2/aps-metadata/aps-dataset-metadata-2015/PRX\2\PhysRevX.2.011015.json
PhysRevX.2.019901.json,C:/Users/hexie/Documents/APS-papers-data-010417-take2/aps-metadata/aps-dataset-metadata-2015/PRX\2\PhysRevX.2.019901.json
PhysRevX.2.021002.json,C:/Users/hexie/Documents/APS-papers-data-010417-take2/aps-metadata/aps-dataset-metadata-2015/PRX\2\PhysRevX.2.021002.json
PhysRevX.2.021003.json,C:/Users/hexie/Documents/APS-papers-data-010417-take2/aps-metadata/aps-dataset-metadata-2015/PRX\2\PhysRevX.2.021003.json
PhysRevX.2.021004.json,C:/Users/hexie/Documents/APS-papers-data-010417-take2/aps-metadata/aps-dataset-metadata-2015/PRX\2\PhysRevX.2.021004.json
PhysRevX.2.021005.json,C:/Users/hexie/Documents/APS-papers-data-010417-take2/aps-metadata/aps-dataset-metadata-2015/PRX\2\PhysRevX.2.021005.json
PhysRevX.2.021006.json,C:/Users/hexie/Documents/APS-papers-data-010417-take2/aps-metadata/aps-dataset-metadata-2015/PRX\2\PhysRevX.2.021006.json
PhysRevX.2.021007.json,C:/Users/hexie/Documents/APS-papers-data-010417-take2/aps-metadata/aps-dataset-metadata-2015/PRX\2\PhysRevX.2.021007.json
PhysRevX.2.021008.json,C:/Users/hexie/Documents/APS-papers-data-010417-take2/aps-metadata/aps-dataset-metadata-2015/PRX\2\PhysRevX.2.021008.json
PhysRevX.2.021009.json,C:/Users/hexie/Documents/APS-papers-data-010417-take2/aps-metadata/aps-dataset-metadata-2015/PRX\2\PhysRevX.2.021009.json
PhysRevX.2.021010.json,C:/Users/hexie/Documents/APS-papers-data-010417-take2/aps-metadata/aps-dataset-metadata-2015/PRX\2\PhysRevX.2.021010.json
PhysRevX.2.021011.json,C:/Users/hexie/Documents/APS-papers-data-010417-take2/aps-metadata/aps-dataset-metadata-2015/PRX\2\PhysRevX.2.021011.json
PhysRevX.2.021012.json,C:/Users/hexie/Documents/APS-papers-data-010417-take2/aps-metadata/aps-dataset-metadata-2015/PRX\2\PhysRevX.2.021012.json
PhysRevX.2.021013.json,C:/Users/hexie/Documents/APS-papers-data-010417-take2/aps-metadata/aps-dataset-metadata-2015/PRX\2\PhysRevX.2.021013.json
PhysRevX.2.021014.json,C:/Users/hexie/Documents/APS-papers-data-010417-take2/aps-metadata/aps-dataset-metadata-2015/PRX\2\PhysRevX.2.021014.json
PhysRevX.2.021015.json,C:/Users/hexie/Documents/APS-papers-data-010417-take2/aps-metadata/aps-dataset-metadata-2015/PRX\2\PhysRevX.2.021015.json
PhysRevX.2.029901.json,C:/Users/hexie/Documents/APS-papers-data-010417-take2/aps-metadata/aps-dataset-metadata-2015/PRX\2\PhysRevX.2.029901.json
PhysRevX.2.030001.json,C:/Users/hexie/Documents/APS-papers-data-010417-take2/aps-metadata/aps-dataset-metadata-2015/PRX\2\PhysRevX.2.030001.json
PhysRevX.2.031001.json,C:/Users/hexie/Documents/APS-papers-data-010417-take2/aps-metadata/aps-dataset-metadata-2015/PRX\2\PhysRevX.2.031001.json
PhysRevX.2.031002.json,C:/Users/hexie/Documents/APS-papers-data-010417-take2/aps-metadata/aps-dataset-metadata-2015/PRX\2\PhysRevX.2.031002.json
PhysRevX.2.031003.json,C:/Users/hexie/Documents/APS-papers-data-010417-take2/aps-metadata/aps-dataset-metadata-2015/PRX\2\PhysRevX.2.031003.json
PhysRevX.2.031004.json,C:/Users/hexie/Documents/APS-papers-data-010417-take2/aps-metadata/aps-dataset-metadata-2015/PRX\2\PhysRevX.2.031004.json
PhysRevX.2.031005.json,C:/Users/hexie/Documents/APS-papers-data-010417-take2/aps-metadata/aps-dataset-metadata-2015/PRX\2\PhysRevX.2.031005.json
PhysRevX.2.031006.json,C:/Users/hexie/Documents/APS-papers-data-010417-take2/aps-metadata/aps-dataset-metadata-2015/PRX\2\PhysRevX.2.031006.json
PhysRevX.2.031007.json,C:/Users/hexie/Documents/APS-papers-data-010417-take2/aps-metadata/aps-dataset-metadata-2015/PRX\2\PhysRevX.2.031007.json
PhysRevX.2.031008.json,C:/Users/hexie/Documents/APS-papers-data-010417-take2/aps-metadata/aps-dataset-metadata-2015/PRX\2\PhysRevX.2.031008.json
PhysRevX.2.031009.json,C:/Users/hexie/Documents/APS-papers-data-010417-take2/aps-metadata/aps-dataset-metadata-2015/PRX\2\PhysRevX.2.031009.json
PhysRevX.2.031010.json,C:/Users/hexie/Documents/APS-papers-data-010417-take2/aps-metadata/aps-dataset-metadata-2015/PRX\2\PhysRevX.2.031010.json
PhysRevX.2.031011.json,C:/Users/hexie/Documents/APS-papers-data-010417-take2/aps-metadata/aps-dataset-metadata-2015/PRX\2\PhysRevX.2.031011.json
PhysRevX.2.031012.json,C:/Users/hexie/Documents/APS-papers-data-010417-take2/aps-metadata/aps-dataset-metadata-2015/PRX\2\PhysRevX.2.031012.json
PhysRevX.2.031013.json,C:/Users/hexie/Documents/APS-papers-data-010417-take2/aps-metadata/aps-dataset-metadata-2015/PRX\2\PhysRevX.2.031013.json
PhysRevX.2.031014.json,C:/Users/hexie/Documents/APS-papers-data-010417-take2/aps-metadata/aps-dataset-metadata-2015/PRX\2\PhysRevX.2.031014.json
PhysRevX.2.031015.json,C:/Users/hexie/Documents/APS-papers-data-010417-take2/aps-metadata/aps-dataset-metadata-2015/PRX\2\PhysRevX.2.031015.json
PhysRevX.2.031016.json,C:/Users/hexie/Documents/APS-papers-data-010417-take2/aps-metadata/aps-dataset-metadata-2015/PRX\2\PhysRevX.2.031016.json
PhysRevX.2.031017.json,C:/Users/hexie/Documents/APS-papers-data-010417-take2/aps-metadata/aps-dataset-metadata-2015/PRX\2\PhysRevX.2.031017.json
PhysRevX.2.031018.json,C:/Users/hexie/Documents/APS-papers-data-010417-take2/aps-metadata/aps-dataset-metadata-2015/PRX\2\PhysRevX.2.031018.json
PhysRevX.2.031019.json,C:/Users/hexie/Documents/APS-papers-data-010417-take2/aps-metadata/aps-dataset-metadata-2015/PRX\2\PhysRevX.2.031019.json
PhysRevX.2.039901.json,C:/Users/hexie/Documents/APS-papers-data-010417-take2/aps-metadata/aps-dataset-metadata-2015/PRX\2\PhysRevX.2.039901.json
PhysRevX.2.039902.json,C:/Users/hexie/Documents/APS-papers-data-010417-take2/aps-metadata/aps-dataset-metadata-2015/PRX\2\PhysRevX.2.039902.json
PhysRevX.2.039903.json,C:/Users/hexie/Documents/APS-papers-data-010417-take2/aps-metadata/aps-dataset-metadata-2015/PRX\2\PhysRevX.2.039903.json
PhysRevX.2.041001.json,C:/Users/hexie/Documents/APS-papers-data-010417-take2/aps-metadata/aps-dataset-metadata-2015/PRX\2\PhysRevX.2.041001.json
PhysRevX.2.041002.json,C:/Users/hexie/Documents/APS-papers-data-010417-take2/aps-metadata/aps-dataset-metadata-2015/PRX\2\PhysRevX.2.041002.json
PhysRevX.2.041003.json,C:/Users/hexie/Documents/APS-papers-data-010417-take2/aps-metadata/aps-dataset-metadata-2015/PRX\2\PhysRevX.2.041003.json
PhysRevX.2.041004.json,C:/Users/hexie/Documents/APS-papers-data-010417-take2/aps-metadata/aps-dataset-metadata-2015/PRX\2\PhysRevX.2.041004.json
PhysRevX.2.041005.json,C:/Users/hexie/Documents/APS-papers-data-010417-take2/aps-metadata/aps-dataset-metadata-2015/PRX\2\PhysRevX.2.041005.json
PhysRevX.2.041006.json,C:/Users/hexie/Documents/APS-papers-data-010417-take2/aps-metadata/aps-dataset-metadata-2015/PRX\2\PhysRevX.2.041006.json
PhysRevX.2.041007.json,C:/Users/hexie/Documents/APS-papers-data-010417-take2/aps-metadata/aps-dataset-metadata-2015/PRX\2\PhysRevX.2.041007.json
PhysRevX.2.041008.json,C:/Users/hexie/Documents/APS-papers-data-010417-take2/aps-metadata/aps-dataset-metadata-2015/PRX\2\PhysRevX.2.041008.json
PhysRevX.2.041009.json,C:/Users/hexie/Documents/APS-papers-data-010417-take2/aps-metadata/aps-dataset-metadata-2015/PRX\2\PhysRevX.2.041009.json
PhysRevX.2.041010.json,C:/Users/hexie/Documents/APS-papers-data-010417-take2/aps-metadata/aps-dataset-metadata-2015/PRX\2\PhysRevX.2.041010.json
PhysRevX.2.041011.json,C:/Users/hexie/Documents/APS-papers-data-010417-take2/aps-metadata/aps-dataset-metadata-2015/PRX\2\PhysRevX.2.041011.json
PhysRevX.2.041012.json,C:/Users/hexie/Documents/APS-papers-data-010417-take2/aps-metadata/aps-dataset-metadata-2015/PRX\2\PhysRevX.2.041012.json
PhysRevX.2.041013.json,C:/Users/hexie/Documents/APS-papers-data-010417-take2/aps-metadata/aps-dataset-metadata-2015/PRX\2\PhysRevX.2.041013.json
PhysRevX.2.041014.json,C:/Users/hexie/Documents/APS-papers-data-010417-take2/aps-metadata/aps-dataset-metadata-2015/PRX\2\PhysRevX.2.041014.json
PhysRevX.2.041015.json,C:/Users/hexie/Documents/APS-papers-data-010417-take2/aps-metadata/aps-dataset-metadata-2015/PRX\2\PhysRevX.2.041015.json
PhysRevX.2.041016.json,C:/Users/hexie/Documents/APS-papers-data-010417-take2/aps-metadata/aps-dataset-metadata-2015/PRX\2\PhysRevX.2.041016.json
PhysRevX.2.041017.json,C:/Users/hexie/Documents/APS-papers-data-010417-take2/aps-metadata/aps-dataset-metadata-2015/PRX\2\PhysRevX.2.041017.json
PhysRevX.2.041018.json,C:/Users/hexie/Documents/APS-papers-data-010417-take2/aps-metadata/aps-dataset-metadata-2015/PRX\2\PhysRevX.2.041018.json
PhysRevX.2.041019.json,C:/Users/hexie/Documents/APS-papers-data-010417-take2/aps-metadata/aps-dataset-metadata-2015/PRX\2\PhysRevX.2.041019.json
PhysRevX.2.041020.json,C:/Users/hexie/Documents/APS-papers-data-010417-take2/aps-metadata/aps-dataset-metadata-2015/PRX\2\PhysRevX.2.041020.json
PhysRevX.2.041021.json,C:/Users/hexie/Documents/APS-papers-data-010417-take2/aps-metadata/aps-dataset-metadata-2015/PRX\2\PhysRevX.2.041021.json
PhysRevX.2.041022.json,C:/Users/hexie/Documents/APS-papers-data-010417-take2/aps-metadata/aps-dataset-metadata-2015/PRX\2\PhysRevX.2.041022.json
PhysRevX.3.011001.json,C:/Users/hexie/Documents/APS-papers-data-010417-take2/aps-metadata/aps-dataset-metadata-2015/PRX\3\PhysRevX.3.011001.json
PhysRevX.3.011002.json,C:/Users/hexie/Documents/APS-papers-data-010417-take2/aps-metadata/aps-dataset-metadata-2015/PRX\3\PhysRevX.3.011002.json
PhysRevX.3.011003.json,C:/Users/hexie/Documents/APS-papers-data-010417-take2/aps-metadata/aps-dataset-metadata-2015/PRX\3\PhysRevX.3.011003.json
PhysRevX.3.011005.json,C:/Users/hexie/Documents/APS-papers-data-010417-take2/aps-metadata/aps-dataset-metadata-2015/PRX\3\PhysRevX.3.011005.json
PhysRevX.3.011006.json,C:/Users/hexie/Documents/APS-papers-data-010417-take2/aps-metadata/aps-dataset-metadata-2015/PRX\3\PhysRevX.3.011006.json
PhysRevX.3.011007.json,C:/Users/hexie/Documents/APS-papers-data-010417-take2/aps-metadata/aps-dataset-metadata-2015/PRX\3\PhysRevX.3.011007.json
PhysRevX.3.011008.json,C:/Users/hexie/Documents/APS-papers-data-010417-take2/aps-metadata/aps-dataset-metadata-2015/PRX\3\PhysRevX.3.011008.json
PhysRevX.3.011009.json,C:/Users/hexie/Documents/APS-papers-data-010417-take2/aps-metadata/aps-dataset-metadata-2015/PRX\3\PhysRevX.3.011009.json
PhysRevX.3.011010.json,C:/Users/hexie/Documents/APS-papers-data-010417-take2/aps-metadata/aps-dataset-metadata-2015/PRX\3\PhysRevX.3.011010.json
PhysRevX.3.011011.json,C:/Users/hexie/Documents/APS-papers-data-010417-take2/aps-metadata/aps-dataset-metadata-2015/PRX\3\PhysRevX.3.011011.json
PhysRevX.3.011012.json,C:/Users/hexie/Documents/APS-papers-data-010417-take2/aps-metadata/aps-dataset-metadata-2015/PRX\3\PhysRevX.3.011012.json
PhysRevX.3.011013.json,C:/Users/hexie/Documents/APS-papers-data-010417-take2/aps-metadata/aps-dataset-metadata-2015/PRX\3\PhysRevX.3.011013.json
PhysRevX.3.011014.json,C:/Users/hexie/Documents/APS-papers-data-010417-take2/aps-metadata/aps-dataset-metadata-2015/PRX\3\PhysRevX.3.011014.json
PhysRevX.3.011015.json,C:/Users/hexie/Documents/APS-papers-data-010417-take2/aps-metadata/aps-dataset-metadata-2015/PRX\3\PhysRevX.3.011015.json
PhysRevX.3.011016.json,C:/Users/hexie/Documents/APS-papers-data-010417-take2/aps-metadata/aps-dataset-metadata-2015/PRX\3\PhysRevX.3.011016.json
PhysRevX.3.011017.json,C:/Users/hexie/Documents/APS-papers-data-010417-take2/aps-metadata/aps-dataset-metadata-2015/PRX\3\PhysRevX.3.011017.json
PhysRevX.3.011018.json,C:/Users/hexie/Documents/APS-papers-data-010417-take2/aps-metadata/aps-dataset-metadata-2015/PRX\3\PhysRevX.3.011018.json
PhysRevX.3.011019.json,C:/Users/hexie/Documents/APS-papers-data-010417-take2/aps-metadata/aps-dataset-metadata-2015/PRX\3\PhysRevX.3.011019.json
PhysRevX.3.011020.json,C:/Users/hexie/Documents/APS-papers-data-010417-take2/aps-metadata/aps-dataset-metadata-2015/PRX\3\PhysRevX.3.011020.json
PhysRevX.3.011021.json,C:/Users/hexie/Documents/APS-papers-data-010417-take2/aps-metadata/aps-dataset-metadata-2015/PRX\3\PhysRevX.3.011021.json
PhysRevX.3.021001.json,C:/Users/hexie/Documents/APS-papers-data-010417-take2/aps-metadata/aps-dataset-metadata-2015/PRX\3\PhysRevX.3.021001.json
PhysRevX.3.021002.json,C:/Users/hexie/Documents/APS-papers-data-010417-take2/aps-metadata/aps-dataset-metadata-2015/PRX\3\PhysRevX.3.021002.json
PhysRevX.3.021003.json,C:/Users/hexie/Documents/APS-papers-data-010417-take2/aps-metadata/aps-dataset-metadata-2015/PRX\3\PhysRevX.3.021003.json
PhysRevX.3.021004.json,C:/Users/hexie/Documents/APS-papers-data-010417-take2/aps-metadata/aps-dataset-metadata-2015/PRX\3\PhysRevX.3.021004.json
PhysRevX.3.021005.json,C:/Users/hexie/Documents/APS-papers-data-010417-take2/aps-metadata/aps-dataset-metadata-2015/PRX\3\PhysRevX.3.021005.json
PhysRevX.3.021006.json,C:/Users/hexie/Documents/APS-papers-data-010417-take2/aps-metadata/aps-dataset-metadata-2015/PRX\3\PhysRevX.3.021006.json
PhysRevX.3.021007.json,C:/Users/hexie/Documents/APS-papers-data-010417-take2/aps-metadata/aps-dataset-metadata-2015/PRX\3\PhysRevX.3.021007.json
PhysRevX.3.021008.json,C:/Users/hexie/Documents/APS-papers-data-010417-take2/aps-metadata/aps-dataset-metadata-2015/PRX\3\PhysRevX.3.021008.json
PhysRevX.3.021009.json,C:/Users/hexie/Documents/APS-papers-data-010417-take2/aps-metadata/aps-dataset-metadata-2015/PRX\3\PhysRevX.3.021009.json
PhysRevX.3.021010.json,C:/Users/hexie/Documents/APS-papers-data-010417-take2/aps-metadata/aps-dataset-metadata-2015/PRX\3\PhysRevX.3.021010.json
PhysRevX.3.021011.json,C:/Users/hexie/Documents/APS-papers-data-010417-take2/aps-metadata/aps-dataset-metadata-2015/PRX\3\PhysRevX.3.021011.json
PhysRevX.3.021012.json,C:/Users/hexie/Documents/APS-papers-data-010417-take2/aps-metadata/aps-dataset-metadata-2015/PRX\3\PhysRevX.3.021012.json
PhysRevX.3.021013.json,C:/Users/hexie/Documents/APS-papers-data-010417-take2/aps-metadata/aps-dataset-metadata-2015/PRX\3\PhysRevX.3.021013.json
PhysRevX.3.021014.json,C:/Users/hexie/Documents/APS-papers-data-010417-take2/aps-metadata/aps-dataset-metadata-2015/PRX\3\PhysRevX.3.021014.json
PhysRevX.3.021015.json,C:/Users/hexie/Documents/APS-papers-data-010417-take2/aps-metadata/aps-dataset-metadata-2015/PRX\3\PhysRevX.3.021015.json
PhysRevX.3.021016.json,C:/Users/hexie/Documents/APS-papers-data-010417-take2/aps-metadata/aps-dataset-metadata-2015/PRX\3\PhysRevX.3.021016.json
PhysRevX.3.021017.json,C:/Users/hexie/Documents/APS-papers-data-010417-take2/aps-metadata/aps-dataset-metadata-2015/PRX\3\PhysRevX.3.021017.json
PhysRevX.3.021018.json,C:/Users/hexie/Documents/APS-papers-data-010417-take2/aps-metadata/aps-dataset-metadata-2015/PRX\3\PhysRevX.3.021018.json
PhysRevX.3.021019.json,C:/Users/hexie/Documents/APS-papers-data-010417-take2/aps-metadata/aps-dataset-metadata-2015/PRX\3\PhysRevX.3.021019.json
PhysRevX.3.029901.json,C:/Users/hexie/Documents/APS-papers-data-010417-take2/aps-metadata/aps-dataset-metadata-2015/PRX\3\PhysRevX.3.029901.json
PhysRevX.3.031001.json,C:/Users/hexie/Documents/APS-papers-data-010417-take2/aps-metadata/aps-dataset-metadata-2015/PRX\3\PhysRevX.3.031001.json
PhysRevX.3.031002.json,C:/Users/hexie/Documents/APS-papers-data-010417-take2/aps-metadata/aps-dataset-metadata-2015/PRX\3\PhysRevX.3.031002.json
PhysRevX.3.031003.json,C:/Users/hexie/Documents/APS-papers-data-010417-take2/aps-metadata/aps-dataset-metadata-2015/PRX\3\PhysRevX.3.031003.json
PhysRevX.3.031004.json,C:/Users/hexie/Documents/APS-papers-data-010417-take2/aps-metadata/aps-dataset-metadata-2015/PRX\3\PhysRevX.3.031004.json
PhysRevX.3.031005.json,C:/Users/hexie/Documents/APS-papers-data-010417-take2/aps-metadata/aps-dataset-metadata-2015/PRX\3\PhysRevX.3.031005.json
PhysRevX.3.031006.json,C:/Users/hexie/Documents/APS-papers-data-010417-take2/aps-metadata/aps-dataset-metadata-2015/PRX\3\PhysRevX.3.031006.json
PhysRevX.3.031007.json,C:/Users/hexie/Documents/APS-papers-data-010417-take2/aps-metadata/aps-dataset-metadata-2015/PRX\3\PhysRevX.3.031007.json
PhysRevX.3.031008.json,C:/Users/hexie/Documents/APS-papers-data-010417-take2/aps-metadata/aps-dataset-metadata-2015/PRX\3\PhysRevX.3.031008.json
PhysRevX.3.031009.json,C:/Users/hexie/Documents/APS-papers-data-010417-take2/aps-metadata/aps-dataset-metadata-2015/PRX\3\PhysRevX.3.031009.json
PhysRevX.3.031010.json,C:/Users/hexie/Documents/APS-papers-data-010417-take2/aps-metadata/aps-dataset-metadata-2015/PRX\3\PhysRevX.3.031010.json
PhysRevX.3.031011.json,C:/Users/hexie/Documents/APS-papers-data-010417-take2/aps-metadata/aps-dataset-metadata-2015/PRX\3\PhysRevX.3.031011.json
PhysRevX.3.031012.json,C:/Users/hexie/Documents/APS-papers-data-010417-take2/aps-metadata/aps-dataset-metadata-2015/PRX\3\PhysRevX.3.031012.json
PhysRevX.3.031013.json,C:/Users/hexie/Documents/APS-papers-data-010417-take2/aps-metadata/aps-dataset-metadata-2015/PRX\3\PhysRevX.3.031013.json
PhysRevX.3.031014.json,C:/Users/hexie/Documents/APS-papers-data-010417-take2/aps-metadata/aps-dataset-metadata-2015/PRX\3\PhysRevX.3.031014.json
PhysRevX.3.031015.json,C:/Users/hexie/Documents/APS-papers-data-010417-take2/aps-metadata/aps-dataset-metadata-2015/PRX\3\PhysRevX.3.031015.json
PhysRevX.3.031016.json,C:/Users/hexie/Documents/APS-papers-data-010417-take2/aps-metadata/aps-dataset-metadata-2015/PRX\3\PhysRevX.3.031016.json
PhysRevX.3.038001.json,C:/Users/hexie/Documents/APS-papers-data-010417-take2/aps-metadata/aps-dataset-metadata-2015/PRX\3\PhysRevX.3.038001.json
PhysRevX.3.038002.json,C:/Users/hexie/Documents/APS-papers-data-010417-take2/aps-metadata/aps-dataset-metadata-2015/PRX\3\PhysRevX.3.038002.json
PhysRevX.3.039901.json,C:/Users/hexie/Documents/APS-papers-data-010417-take2/aps-metadata/aps-dataset-metadata-2015/PRX\3\PhysRevX.3.039901.json
PhysRevX.3.041001.json,C:/Users/hexie/Documents/APS-papers-data-010417-take2/aps-metadata/aps-dataset-metadata-2015/PRX\3\PhysRevX.3.041001.json
PhysRevX.3.041002.json,C:/Users/hexie/Documents/APS-papers-data-010417-take2/aps-metadata/aps-dataset-metadata-2015/PRX\3\PhysRevX.3.041002.json
PhysRevX.3.041003.json,C:/Users/hexie/Documents/APS-papers-data-010417-take2/aps-metadata/aps-dataset-metadata-2015/PRX\3\PhysRevX.3.041003.json
PhysRevX.3.041004.json,C:/Users/hexie/Documents/APS-papers-data-010417-take2/aps-metadata/aps-dataset-metadata-2015/PRX\3\PhysRevX.3.041004.json
PhysRevX.3.041005.json,C:/Users/hexie/Documents/APS-papers-data-010417-take2/aps-metadata/aps-dataset-metadata-2015/PRX\3\PhysRevX.3.041005.json
PhysRevX.3.041006.json,C:/Users/hexie/Documents/APS-papers-data-010417-take2/aps-metadata/aps-dataset-metadata-2015/PRX\3\PhysRevX.3.041006.json
PhysRevX.3.041007.json,C:/Users/hexie/Documents/APS-papers-data-010417-take2/aps-metadata/aps-dataset-metadata-2015/PRX\3\PhysRevX.3.041007.json
PhysRevX.3.041008.json,C:/Users/hexie/Documents/APS-papers-data-010417-take2/aps-metadata/aps-dataset-metadata-2015/PRX\3\PhysRevX.3.041008.json
PhysRevX.3.041009.json,C:/Users/hexie/Documents/APS-papers-data-010417-take2/aps-metadata/aps-dataset-metadata-2015/PRX\3\PhysRevX.3.041009.json
PhysRevX.3.041010.json,C:/Users/hexie/Documents/APS-papers-data-010417-take2/aps-metadata/aps-dataset-metadata-2015/PRX\3\PhysRevX.3.041010.json
PhysRevX.3.041011.json,C:/Users/hexie/Documents/APS-papers-data-010417-take2/aps-metadata/aps-dataset-metadata-2015/PRX\3\PhysRevX.3.041011.json
PhysRevX.3.041012.json,C:/Users/hexie/Documents/APS-papers-data-010417-take2/aps-metadata/aps-dataset-metadata-2015/PRX\3\PhysRevX.3.041012.json
PhysRevX.3.041013.json,C:/Users/hexie/Documents/APS-papers-data-010417-take2/aps-metadata/aps-dataset-metadata-2015/PRX\3\PhysRevX.3.041013.json
PhysRevX.3.041014.json,C:/Users/hexie/Documents/APS-papers-data-010417-take2/aps-metadata/aps-dataset-metadata-2015/PRX\3\PhysRevX.3.041014.json
PhysRevX.3.041015.json,C:/Users/hexie/Documents/APS-papers-data-010417-take2/aps-metadata/aps-dataset-metadata-2015/PRX\3\PhysRevX.3.041015.json
PhysRevX.3.041016.json,C:/Users/hexie/Documents/APS-papers-data-010417-take2/aps-metadata/aps-dataset-metadata-2015/PRX\3\PhysRevX.3.041016.json
PhysRevX.3.041017.json,C:/Users/hexie/Documents/APS-papers-data-010417-take2/aps-metadata/aps-dataset-metadata-2015/PRX\3\PhysRevX.3.041017.json
PhysRevX.3.041018.json,C:/Users/hexie/Documents/APS-papers-data-010417-take2/aps-metadata/aps-dataset-metadata-2015/PRX\3\PhysRevX.3.041018.json
PhysRevX.3.041019.json,C:/Users/hexie/Documents/APS-papers-data-010417-take2/aps-metadata/aps-dataset-metadata-2015/PRX\3\PhysRevX.3.041019.json
PhysRevX.3.041020.json,C:/Users/hexie/Documents/APS-papers-data-010417-take2/aps-metadata/aps-dataset-metadata-2015/PRX\3\PhysRevX.3.041020.json
PhysRevX.3.041021.json,C:/Users/hexie/Documents/APS-papers-data-010417-take2/aps-metadata/aps-dataset-metadata-2015/PRX\3\PhysRevX.3.041021.json
PhysRevX.3.041022.json,C:/Users/hexie/Documents/APS-papers-data-010417-take2/aps-metadata/aps-dataset-metadata-2015/PRX\3\PhysRevX.3.041022.json
PhysRevX.3.041023.json,C:/Users/hexie/Documents/APS-papers-data-010417-take2/aps-metadata/aps-dataset-metadata-2015/PRX\3\PhysRevX.3.041023.json
PhysRevX.3.041024.json,C:/Users/hexie/Documents/APS-papers-data-010417-take2/aps-metadata/aps-dataset-metadata-2015/PRX\3\PhysRevX.3.041024.json
PhysRevX.3.041025.json,C:/Users/hexie/Documents/APS-papers-data-010417-take2/aps-metadata/aps-dataset-metadata-2015/PRX\3\PhysRevX.3.041025.json
PhysRevX.3.041026.json,C:/Users/hexie/Documents/APS-papers-data-010417-take2/aps-metadata/aps-dataset-metadata-2015/PRX\3\PhysRevX.3.041026.json
PhysRevX.3.041027.json,C:/Users/hexie/Documents/APS-papers-data-010417-take2/aps-metadata/aps-dataset-metadata-2015/PRX\3\PhysRevX.3.041027.json
PhysRevX.3.041028.json,C:/Users/hexie/Documents/APS-papers-data-010417-take2/aps-metadata/aps-dataset-metadata-2015/PRX\3\PhysRevX.3.041028.json
PhysRevX.3.041029.json,C:/Users/hexie/Documents/APS-papers-data-010417-take2/aps-metadata/aps-dataset-metadata-2015/PRX\3\PhysRevX.3.041029.json
PhysRevX.3.041030.json,C:/Users/hexie/Documents/APS-papers-data-010417-take2/aps-metadata/aps-dataset-metadata-2015/PRX\3\PhysRevX.3.041030.json
PhysRevX.3.041031.json,C:/Users/hexie/Documents/APS-papers-data-010417-take2/aps-metadata/aps-dataset-metadata-2015/PRX\3\PhysRevX.3.041031.json
PhysRevX.3.041032.json,C:/Users/hexie/Documents/APS-papers-data-010417-take2/aps-metadata/aps-dataset-metadata-2015/PRX\3\PhysRevX.3.041032.json
PhysRevX.3.041033.json,C:/Users/hexie/Documents/APS-papers-data-010417-take2/aps-metadata/aps-dataset-metadata-2015/PRX\3\PhysRevX.3.041033.json
PhysRevX.3.041034.json,C:/Users/hexie/Documents/APS-papers-data-010417-take2/aps-metadata/aps-dataset-metadata-2015/PRX\3\PhysRevX.3.041034.json
PhysRevX.3.041035.json,C:/Users/hexie/Documents/APS-papers-data-010417-take2/aps-metadata/aps-dataset-metadata-2015/PRX\3\PhysRevX.3.041035.json
PhysRevX.3.041036.json,C:/Users/hexie/Documents/APS-papers-data-010417-take2/aps-metadata/aps-dataset-metadata-2015/PRX\3\PhysRevX.3.041036.json
PhysRevX.3.041037.json,C:/Users/hexie/Documents/APS-papers-data-010417-take2/aps-metadata/aps-dataset-metadata-2015/PRX\3\PhysRevX.3.041037.json
PhysRevX.3.049901.json,C:/Users/hexie/Documents/APS-papers-data-010417-take2/aps-metadata/aps-dataset-metadata-2015/PRX\3\PhysRevX.3.049901.json
PhysRevX.4.010001.json,C:/Users/hexie/Documents/APS-papers-data-010417-take2/aps-metadata/aps-dataset-metadata-2015/PRX\4\PhysRevX.4.010001.json
PhysRevX.4.011001.json,C:/Users/hexie/Documents/APS-papers-data-010417-take2/aps-metadata/aps-dataset-metadata-2015/PRX\4\PhysRevX.4.011001.json
PhysRevX.4.011002.json,C:/Users/hexie/Documents/APS-papers-data-010417-take2/aps-metadata/aps-dataset-metadata-2015/PRX\4\PhysRevX.4.011002.json
PhysRevX.4.011003.json,C:/Users/hexie/Documents/APS-papers-data-010417-take2/aps-metadata/aps-dataset-metadata-2015/PRX\4\PhysRevX.4.011003.json
PhysRevX.4.011004.json,C:/Users/hexie/Documents/APS-papers-data-010417-take2/aps-metadata/aps-dataset-metadata-2015/PRX\4\PhysRevX.4.011004.json
PhysRevX.4.011005.json,C:/Users/hexie/Documents/APS-papers-data-010417-take2/aps-metadata/aps-dataset-metadata-2015/PRX\4\PhysRevX.4.011005.json
PhysRevX.4.011006.json,C:/Users/hexie/Documents/APS-papers-data-010417-take2/aps-metadata/aps-dataset-metadata-2015/PRX\4\PhysRevX.4.011006.json
PhysRevX.4.011007.json,C:/Users/hexie/Documents/APS-papers-data-010417-take2/aps-metadata/aps-dataset-metadata-2015/PRX\4\PhysRevX.4.011007.json
PhysRevX.4.011008.json,C:/Users/hexie/Documents/APS-papers-data-010417-take2/aps-metadata/aps-dataset-metadata-2015/PRX\4\PhysRevX.4.011008.json
PhysRevX.4.011009.json,C:/Users/hexie/Documents/APS-papers-data-010417-take2/aps-metadata/aps-dataset-metadata-2015/PRX\4\PhysRevX.4.011009.json
PhysRevX.4.011010.json,C:/Users/hexie/Documents/APS-papers-data-010417-take2/aps-metadata/aps-dataset-metadata-2015/PRX\4\PhysRevX.4.011010.json
PhysRevX.4.011011.json,C:/Users/hexie/Documents/APS-papers-data-010417-take2/aps-metadata/aps-dataset-metadata-2015/PRX\4\PhysRevX.4.011011.json
PhysRevX.4.011012.json,C:/Users/hexie/Documents/APS-papers-data-010417-take2/aps-metadata/aps-dataset-metadata-2015/PRX\4\PhysRevX.4.011012.json
PhysRevX.4.011013.json,C:/Users/hexie/Documents/APS-papers-data-010417-take2/aps-metadata/aps-dataset-metadata-2015/PRX\4\PhysRevX.4.011013.json
PhysRevX.4.011014.json,C:/Users/hexie/Documents/APS-papers-data-010417-take2/aps-metadata/aps-dataset-metadata-2015/PRX\4\PhysRevX.4.011014.json
PhysRevX.4.011015.json,C:/Users/hexie/Documents/APS-papers-data-010417-take2/aps-metadata/aps-dataset-metadata-2015/PRX\4\PhysRevX.4.011015.json
PhysRevX.4.011016.json,C:/Users/hexie/Documents/APS-papers-data-010417-take2/aps-metadata/aps-dataset-metadata-2015/PRX\4\PhysRevX.4.011016.json
PhysRevX.4.011017.json,C:/Users/hexie/Documents/APS-papers-data-010417-take2/aps-metadata/aps-dataset-metadata-2015/PRX\4\PhysRevX.4.011017.json
PhysRevX.4.011018.json,C:/Users/hexie/Documents/APS-papers-data-010417-take2/aps-metadata/aps-dataset-metadata-2015/PRX\4\PhysRevX.4.011018.json
PhysRevX.4.011019.json,C:/Users/hexie/Documents/APS-papers-data-010417-take2/aps-metadata/aps-dataset-metadata-2015/PRX\4\PhysRevX.4.011019.json
PhysRevX.4.011020.json,C:/Users/hexie/Documents/APS-papers-data-010417-take2/aps-metadata/aps-dataset-metadata-2015/PRX\4\PhysRevX.4.011020.json
PhysRevX.4.011021.json,C:/Users/hexie/Documents/APS-papers-data-010417-take2/aps-metadata/aps-dataset-metadata-2015/PRX\4\PhysRevX.4.011021.json
PhysRevX.4.011022.json,C:/Users/hexie/Documents/APS-papers-data-010417-take2/aps-metadata/aps-dataset-metadata-2015/PRX\4\PhysRevX.4.011022.json
PhysRevX.4.011023.json,C:/Users/hexie/Documents/APS-papers-data-010417-take2/aps-metadata/aps-dataset-metadata-2015/PRX\4\PhysRevX.4.011023.json
PhysRevX.4.011024.json,C:/Users/hexie/Documents/APS-papers-data-010417-take2/aps-metadata/aps-dataset-metadata-2015/PRX\4\PhysRevX.4.011024.json
PhysRevX.4.011025.json,C:/Users/hexie/Documents/APS-papers-data-010417-take2/aps-metadata/aps-dataset-metadata-2015/PRX\4\PhysRevX.4.011025.json
PhysRevX.4.011026.json,C:/Users/hexie/Documents/APS-papers-data-010417-take2/aps-metadata/aps-dataset-metadata-2015/PRX\4\PhysRevX.4.011026.json
PhysRevX.4.011027.json,C:/Users/hexie/Documents/APS-papers-data-010417-take2/aps-metadata/aps-dataset-metadata-2015/PRX\4\PhysRevX.4.011027.json
PhysRevX.4.011028.json,C:/Users/hexie/Documents/APS-papers-data-010417-take2/aps-metadata/aps-dataset-metadata-2015/PRX\4\PhysRevX.4.011028.json
PhysRevX.4.011029.json,C:/Users/hexie/Documents/APS-papers-data-010417-take2/aps-metadata/aps-dataset-metadata-2015/PRX\4\PhysRevX.4.011029.json
PhysRevX.4.011030.json,C:/Users/hexie/Documents/APS-papers-data-010417-take2/aps-metadata/aps-dataset-metadata-2015/PRX\4\PhysRevX.4.011030.json
PhysRevX.4.011031.json,C:/Users/hexie/Documents/APS-papers-data-010417-take2/aps-metadata/aps-dataset-metadata-2015/PRX\4\PhysRevX.4.011031.json
PhysRevX.4.011032.json,C:/Users/hexie/Documents/APS-papers-data-010417-take2/aps-metadata/aps-dataset-metadata-2015/PRX\4\PhysRevX.4.011032.json
PhysRevX.4.011033.json,C:/Users/hexie/Documents/APS-papers-data-010417-take2/aps-metadata/aps-dataset-metadata-2015/PRX\4\PhysRevX.4.011033.json
PhysRevX.4.011034.json,C:/Users/hexie/Documents/APS-papers-data-010417-take2/aps-metadata/aps-dataset-metadata-2015/PRX\4\PhysRevX.4.011034.json
PhysRevX.4.011035.json,C:/Users/hexie/Documents/APS-papers-data-010417-take2/aps-metadata/aps-dataset-metadata-2015/PRX\4\PhysRevX.4.011035.json
PhysRevX.4.011036.json,C:/Users/hexie/Documents/APS-papers-data-010417-take2/aps-metadata/aps-dataset-metadata-2015/PRX\4\PhysRevX.4.011036.json
PhysRevX.4.011037.json,C:/Users/hexie/Documents/APS-papers-data-010417-take2/aps-metadata/aps-dataset-metadata-2015/PRX\4\PhysRevX.4.011037.json
PhysRevX.4.011038.json,C:/Users/hexie/Documents/APS-papers-data-010417-take2/aps-metadata/aps-dataset-metadata-2015/PRX\4\PhysRevX.4.011038.json
PhysRevX.4.011039.json,C:/Users/hexie/Documents/APS-papers-data-010417-take2/aps-metadata/aps-dataset-metadata-2015/PRX\4\PhysRevX.4.011039.json
PhysRevX.4.011040.json,C:/Users/hexie/Documents/APS-papers-data-010417-take2/aps-metadata/aps-dataset-metadata-2015/PRX\4\PhysRevX.4.011040.json
PhysRevX.4.011041.json,C:/Users/hexie/Documents/APS-papers-data-010417-take2/aps-metadata/aps-dataset-metadata-2015/PRX\4\PhysRevX.4.011041.json
PhysRevX.4.011042.json,C:/Users/hexie/Documents/APS-papers-data-010417-take2/aps-metadata/aps-dataset-metadata-2015/PRX\4\PhysRevX.4.011042.json
PhysRevX.4.011043.json,C:/Users/hexie/Documents/APS-papers-data-010417-take2/aps-metadata/aps-dataset-metadata-2015/PRX\4\PhysRevX.4.011043.json
PhysRevX.4.011044.json,C:/Users/hexie/Documents/APS-papers-data-010417-take2/aps-metadata/aps-dataset-metadata-2015/PRX\4\PhysRevX.4.011044.json
PhysRevX.4.011045.json,C:/Users/hexie/Documents/APS-papers-data-010417-take2/aps-metadata/aps-dataset-metadata-2015/PRX\4\PhysRevX.4.011045.json
PhysRevX.4.011046.json,C:/Users/hexie/Documents/APS-papers-data-010417-take2/aps-metadata/aps-dataset-metadata-2015/PRX\4\PhysRevX.4.011046.json
PhysRevX.4.011047.json,C:/Users/hexie/Documents/APS-papers-data-010417-take2/aps-metadata/aps-dataset-metadata-2015/PRX\4\PhysRevX.4.011047.json
PhysRevX.4.011048.json,C:/Users/hexie/Documents/APS-papers-data-010417-take2/aps-metadata/aps-dataset-metadata-2015/PRX\4\PhysRevX.4.011048.json
PhysRevX.4.011049.json,C:/Users/hexie/Documents/APS-papers-data-010417-take2/aps-metadata/aps-dataset-metadata-2015/PRX\4\PhysRevX.4.011049.json
PhysRevX.4.011050.json,C:/Users/hexie/Documents/APS-papers-data-010417-take2/aps-metadata/aps-dataset-metadata-2015/PRX\4\PhysRevX.4.011050.json
PhysRevX.4.011051.json,C:/Users/hexie/Documents/APS-papers-data-010417-take2/aps-metadata/aps-dataset-metadata-2015/PRX\4\PhysRevX.4.011051.json
PhysRevX.4.011052.json,C:/Users/hexie/Documents/APS-papers-data-010417-take2/aps-metadata/aps-dataset-metadata-2015/PRX\4\PhysRevX.4.011052.json
PhysRevX.4.011053.json,C:/Users/hexie/Documents/APS-papers-data-010417-take2/aps-metadata/aps-dataset-metadata-2015/PRX\4\PhysRevX.4.011053.json
PhysRevX.4.011054.json,C:/Users/hexie/Documents/APS-papers-data-010417-take2/aps-metadata/aps-dataset-metadata-2015/PRX\4\PhysRevX.4.011054.json
PhysRevX.4.011055.json,C:/Users/hexie/Documents/APS-papers-data-010417-take2/aps-metadata/aps-dataset-metadata-2015/PRX\4\PhysRevX.4.011055.json
PhysRevX.4.011056.json,C:/Users/hexie/Documents/APS-papers-data-010417-take2/aps-metadata/aps-dataset-metadata-2015/PRX\4\PhysRevX.4.011056.json
PhysRevX.4.011057.json,C:/Users/hexie/Documents/APS-papers-data-010417-take2/aps-metadata/aps-dataset-metadata-2015/PRX\4\PhysRevX.4.011057.json
PhysRevX.4.019901.json,C:/Users/hexie/Documents/APS-papers-data-010417-take2/aps-metadata/aps-dataset-metadata-2015/PRX\4\PhysRevX.4.019901.json
PhysRevX.4.019902.json,C:/Users/hexie/Documents/APS-papers-data-010417-take2/aps-metadata/aps-dataset-metadata-2015/PRX\4\PhysRevX.4.019902.json
PhysRevX.4.021001.json,C:/Users/hexie/Documents/APS-papers-data-010417-take2/aps-metadata/aps-dataset-metadata-2015/PRX\4\PhysRevX.4.021001.json
PhysRevX.4.021002.json,C:/Users/hexie/Documents/APS-papers-data-010417-take2/aps-metadata/aps-dataset-metadata-2015/PRX\4\PhysRevX.4.021002.json
PhysRevX.4.021003.json,C:/Users/hexie/Documents/APS-papers-data-010417-take2/aps-metadata/aps-dataset-metadata-2015/PRX\4\PhysRevX.4.021003.json
PhysRevX.4.021004.json,C:/Users/hexie/Documents/APS-papers-data-010417-take2/aps-metadata/aps-dataset-metadata-2015/PRX\4\PhysRevX.4.021004.json
PhysRevX.4.021005.json,C:/Users/hexie/Documents/APS-papers-data-010417-take2/aps-metadata/aps-dataset-metadata-2015/PRX\4\PhysRevX.4.021005.json
PhysRevX.4.021006.json,C:/Users/hexie/Documents/APS-papers-data-010417-take2/aps-metadata/aps-dataset-metadata-2015/PRX\4\PhysRevX.4.021006.json
PhysRevX.4.021007.json,C:/Users/hexie/Documents/APS-papers-data-010417-take2/aps-metadata/aps-dataset-metadata-2015/PRX\4\PhysRevX.4.021007.json
PhysRevX.4.021008.json,C:/Users/hexie/Documents/APS-papers-data-010417-take2/aps-metadata/aps-dataset-metadata-2015/PRX\4\PhysRevX.4.021008.json
PhysRevX.4.021009.json,C:/Users/hexie/Documents/APS-papers-data-010417-take2/aps-metadata/aps-dataset-metadata-2015/PRX\4\PhysRevX.4.021009.json
PhysRevX.4.021010.json,C:/Users/hexie/Documents/APS-papers-data-010417-take2/aps-metadata/aps-dataset-metadata-2015/PRX\4\PhysRevX.4.021010.json
PhysRevX.4.021011.json,C:/Users/hexie/Documents/APS-papers-data-010417-take2/aps-metadata/aps-dataset-metadata-2015/PRX\4\PhysRevX.4.021011.json
PhysRevX.4.021012.json,C:/Users/hexie/Documents/APS-papers-data-010417-take2/aps-metadata/aps-dataset-metadata-2015/PRX\4\PhysRevX.4.021012.json
PhysRevX.4.021013.json,C:/Users/hexie/Documents/APS-papers-data-010417-take2/aps-metadata/aps-dataset-metadata-2015/PRX\4\PhysRevX.4.021013.json
PhysRevX.4.021014.json,C:/Users/hexie/Documents/APS-papers-data-010417-take2/aps-metadata/aps-dataset-metadata-2015/PRX\4\PhysRevX.4.021014.json
PhysRevX.4.021015.json,C:/Users/hexie/Documents/APS-papers-data-010417-take2/aps-metadata/aps-dataset-metadata-2015/PRX\4\PhysRevX.4.021015.json
PhysRevX.4.021016.json,C:/Users/hexie/Documents/APS-papers-data-010417-take2/aps-metadata/aps-dataset-metadata-2015/PRX\4\PhysRevX.4.021016.json
PhysRevX.4.021017.json,C:/Users/hexie/Documents/APS-papers-data-010417-take2/aps-metadata/aps-dataset-metadata-2015/PRX\4\PhysRevX.4.021017.json
PhysRevX.4.021018.json,C:/Users/hexie/Documents/APS-papers-data-010417-take2/aps-metadata/aps-dataset-metadata-2015/PRX\4\PhysRevX.4.021018.json
PhysRevX.4.021019.json,C:/Users/hexie/Documents/APS-papers-data-010417-take2/aps-metadata/aps-dataset-metadata-2015/PRX\4\PhysRevX.4.021019.json
PhysRevX.4.021021.json,C:/Users/hexie/Documents/APS-papers-data-010417-take2/aps-metadata/aps-dataset-metadata-2015/PRX\4\PhysRevX.4.021021.json
PhysRevX.4.021022.json,C:/Users/hexie/Documents/APS-papers-data-010417-take2/aps-metadata/aps-dataset-metadata-2015/PRX\4\PhysRevX.4.021022.json
PhysRevX.4.021023.json,C:/Users/hexie/Documents/APS-papers-data-010417-take2/aps-metadata/aps-dataset-metadata-2015/PRX\4\PhysRevX.4.021023.json
PhysRevX.4.021024.json,C:/Users/hexie/Documents/APS-papers-data-010417-take2/aps-metadata/aps-dataset-metadata-2015/PRX\4\PhysRevX.4.021024.json
PhysRevX.4.021025.json,C:/Users/hexie/Documents/APS-papers-data-010417-take2/aps-metadata/aps-dataset-metadata-2015/PRX\4\PhysRevX.4.021025.json
PhysRevX.4.021026.json,C:/Users/hexie/Documents/APS-papers-data-010417-take2/aps-metadata/aps-dataset-metadata-2015/PRX\4\PhysRevX.4.021026.json
PhysRevX.4.021027.json,C:/Users/hexie/Documents/APS-papers-data-010417-take2/aps-metadata/aps-dataset-metadata-2015/PRX\4\PhysRevX.4.021027.json
PhysRevX.4.021028.json,C:/Users/hexie/Documents/APS-papers-data-010417-take2/aps-metadata/aps-dataset-metadata-2015/PRX\4\PhysRevX.4.021028.json
PhysRevX.4.021029.json,C:/Users/hexie/Documents/APS-papers-data-010417-take2/aps-metadata/aps-dataset-metadata-2015/PRX\4\PhysRevX.4.021029.json
PhysRevX.4.021030.json,C:/Users/hexie/Documents/APS-papers-data-010417-take2/aps-metadata/aps-dataset-metadata-2015/PRX\4\PhysRevX.4.021030.json
PhysRevX.4.021031.json,C:/Users/hexie/Documents/APS-papers-data-010417-take2/aps-metadata/aps-dataset-metadata-2015/PRX\4\PhysRevX.4.021031.json
PhysRevX.4.021032.json,C:/Users/hexie/Documents/APS-papers-data-010417-take2/aps-metadata/aps-dataset-metadata-2015/PRX\4\PhysRevX.4.021032.json
PhysRevX.4.021034.json,C:/Users/hexie/Documents/APS-papers-data-010417-take2/aps-metadata/aps-dataset-metadata-2015/PRX\4\PhysRevX.4.021034.json
PhysRevX.4.021035.json,C:/Users/hexie/Documents/APS-papers-data-010417-take2/aps-metadata/aps-dataset-metadata-2015/PRX\4\PhysRevX.4.021035.json
PhysRevX.4.021036.json,C:/Users/hexie/Documents/APS-papers-data-010417-take2/aps-metadata/aps-dataset-metadata-2015/PRX\4\PhysRevX.4.021036.json
PhysRevX.4.021037.json,C:/Users/hexie/Documents/APS-papers-data-010417-take2/aps-metadata/aps-dataset-metadata-2015/PRX\4\PhysRevX.4.021037.json
PhysRevX.4.021038.json,C:/Users/hexie/Documents/APS-papers-data-010417-take2/aps-metadata/aps-dataset-metadata-2015/PRX\4\PhysRevX.4.021038.json
PhysRevX.4.021039.json,C:/Users/hexie/Documents/APS-papers-data-010417-take2/aps-metadata/aps-dataset-metadata-2015/PRX\4\PhysRevX.4.021039.json
PhysRevX.4.021040.json,C:/Users/hexie/Documents/APS-papers-data-010417-take2/aps-metadata/aps-dataset-metadata-2015/PRX\4\PhysRevX.4.021040.json
PhysRevX.4.021041.json,C:/Users/hexie/Documents/APS-papers-data-010417-take2/aps-metadata/aps-dataset-metadata-2015/PRX\4\PhysRevX.4.021041.json
PhysRevX.4.021042.json,C:/Users/hexie/Documents/APS-papers-data-010417-take2/aps-metadata/aps-dataset-metadata-2015/PRX\4\PhysRevX.4.021042.json
PhysRevX.4.021043.json,C:/Users/hexie/Documents/APS-papers-data-010417-take2/aps-metadata/aps-dataset-metadata-2015/PRX\4\PhysRevX.4.021043.json
PhysRevX.4.021044.json,C:/Users/hexie/Documents/APS-papers-data-010417-take2/aps-metadata/aps-dataset-metadata-2015/PRX\4\PhysRevX.4.021044.json
PhysRevX.4.021045.json,C:/Users/hexie/Documents/APS-papers-data-010417-take2/aps-metadata/aps-dataset-metadata-2015/PRX\4\PhysRevX.4.021045.json
PhysRevX.4.021046.json,C:/Users/hexie/Documents/APS-papers-data-010417-take2/aps-metadata/aps-dataset-metadata-2015/PRX\4\PhysRevX.4.021046.json
PhysRevX.4.021047.json,C:/Users/hexie/Documents/APS-papers-data-010417-take2/aps-metadata/aps-dataset-metadata-2015/PRX\4\PhysRevX.4.021047.json
PhysRevX.4.021048.json,C:/Users/hexie/Documents/APS-papers-data-010417-take2/aps-metadata/aps-dataset-metadata-2015/PRX\4\PhysRevX.4.021048.json
PhysRevX.4.021049.json,C:/Users/hexie/Documents/APS-papers-data-010417-take2/aps-metadata/aps-dataset-metadata-2015/PRX\4\PhysRevX.4.021049.json
PhysRevX.4.021050.json,C:/Users/hexie/Documents/APS-papers-data-010417-take2/aps-metadata/aps-dataset-metadata-2015/PRX\4\PhysRevX.4.021050.json
PhysRevX.4.021051.json,C:/Users/hexie/Documents/APS-papers-data-010417-take2/aps-metadata/aps-dataset-metadata-2015/PRX\4\PhysRevX.4.021051.json
PhysRevX.4.021052.json,C:/Users/hexie/Documents/APS-papers-data-010417-take2/aps-metadata/aps-dataset-metadata-2015/PRX\4\PhysRevX.4.021052.json
PhysRevX.4.021053.json,C:/Users/hexie/Documents/APS-papers-data-010417-take2/aps-metadata/aps-dataset-metadata-2015/PRX\4\PhysRevX.4.021053.json
PhysRevX.4.030001.json,C:/Users/hexie/Documents/APS-papers-data-010417-take2/aps-metadata/aps-dataset-metadata-2015/PRX\4\PhysRevX.4.030001.json
PhysRevX.4.031001.json,C:/Users/hexie/Documents/APS-papers-data-010417-take2/aps-metadata/aps-dataset-metadata-2015/PRX\4\PhysRevX.4.031001.json
PhysRevX.4.031002.json,C:/Users/hexie/Documents/APS-papers-data-010417-take2/aps-metadata/aps-dataset-metadata-2015/PRX\4\PhysRevX.4.031002.json
PhysRevX.4.031003.json,C:/Users/hexie/Documents/APS-papers-data-010417-take2/aps-metadata/aps-dataset-metadata-2015/PRX\4\PhysRevX.4.031003.json
PhysRevX.4.031004.json,C:/Users/hexie/Documents/APS-papers-data-010417-take2/aps-metadata/aps-dataset-metadata-2015/PRX\4\PhysRevX.4.031004.json
PhysRevX.4.031005.json,C:/Users/hexie/Documents/APS-papers-data-010417-take2/aps-metadata/aps-dataset-metadata-2015/PRX\4\PhysRevX.4.031005.json
PhysRevX.4.031006.json,C:/Users/hexie/Documents/APS-papers-data-010417-take2/aps-metadata/aps-dataset-metadata-2015/PRX\4\PhysRevX.4.031006.json
PhysRevX.4.031007.json,C:/Users/hexie/Documents/APS-papers-data-010417-take2/aps-metadata/aps-dataset-metadata-2015/PRX\4\PhysRevX.4.031007.json
PhysRevX.4.031008.json,C:/Users/hexie/Documents/APS-papers-data-010417-take2/aps-metadata/aps-dataset-metadata-2015/PRX\4\PhysRevX.4.031008.json
PhysRevX.4.031009.json,C:/Users/hexie/Documents/APS-papers-data-010417-take2/aps-metadata/aps-dataset-metadata-2015/PRX\4\PhysRevX.4.031009.json
PhysRevX.4.031010.json,C:/Users/hexie/Documents/APS-papers-data-010417-take2/aps-metadata/aps-dataset-metadata-2015/PRX\4\PhysRevX.4.031010.json
PhysRevX.4.031011.json,C:/Users/hexie/Documents/APS-papers-data-010417-take2/aps-metadata/aps-dataset-metadata-2015/PRX\4\PhysRevX.4.031011.json
PhysRevX.4.031012.json,C:/Users/hexie/Documents/APS-papers-data-010417-take2/aps-metadata/aps-dataset-metadata-2015/PRX\4\PhysRevX.4.031012.json
PhysRevX.4.031013.json,C:/Users/hexie/Documents/APS-papers-data-010417-take2/aps-metadata/aps-dataset-metadata-2015/PRX\4\PhysRevX.4.031013.json
PhysRevX.4.031014.json,C:/Users/hexie/Documents/APS-papers-data-010417-take2/aps-metadata/aps-dataset-metadata-2015/PRX\4\PhysRevX.4.031014.json
PhysRevX.4.031015.json,C:/Users/hexie/Documents/APS-papers-data-010417-take2/aps-metadata/aps-dataset-metadata-2015/PRX\4\PhysRevX.4.031015.json
PhysRevX.4.031016.json,C:/Users/hexie/Documents/APS-papers-data-010417-take2/aps-metadata/aps-dataset-metadata-2015/PRX\4\PhysRevX.4.031016.json
PhysRevX.4.031017.json,C:/Users/hexie/Documents/APS-papers-data-010417-take2/aps-metadata/aps-dataset-metadata-2015/PRX\4\PhysRevX.4.031017.json
PhysRevX.4.031018.json,C:/Users/hexie/Documents/APS-papers-data-010417-take2/aps-metadata/aps-dataset-metadata-2015/PRX\4\PhysRevX.4.031018.json
PhysRevX.4.031019.json,C:/Users/hexie/Documents/APS-papers-data-010417-take2/aps-metadata/aps-dataset-metadata-2015/PRX\4\PhysRevX.4.031019.json
PhysRevX.4.031020.json,C:/Users/hexie/Documents/APS-papers-data-010417-take2/aps-metadata/aps-dataset-metadata-2015/PRX\4\PhysRevX.4.031020.json
PhysRevX.4.031021.json,C:/Users/hexie/Documents/APS-papers-data-010417-take2/aps-metadata/aps-dataset-metadata-2015/PRX\4\PhysRevX.4.031021.json
PhysRevX.4.031022.json,C:/Users/hexie/Documents/APS-papers-data-010417-take2/aps-metadata/aps-dataset-metadata-2015/PRX\4\PhysRevX.4.031022.json
PhysRevX.4.031023.json,C:/Users/hexie/Documents/APS-papers-data-010417-take2/aps-metadata/aps-dataset-metadata-2015/PRX\4\PhysRevX.4.031023.json
PhysRevX.4.031024.json,C:/Users/hexie/Documents/APS-papers-data-010417-take2/aps-metadata/aps-dataset-metadata-2015/PRX\4\PhysRevX.4.031024.json
PhysRevX.4.031025.json,C:/Users/hexie/Documents/APS-papers-data-010417-take2/aps-metadata/aps-dataset-metadata-2015/PRX\4\PhysRevX.4.031025.json
PhysRevX.4.031026.json,C:/Users/hexie/Documents/APS-papers-data-010417-take2/aps-metadata/aps-dataset-metadata-2015/PRX\4\PhysRevX.4.031026.json
PhysRevX.4.031027.json,C:/Users/hexie/Documents/APS-papers-data-010417-take2/aps-metadata/aps-dataset-metadata-2015/PRX\4\PhysRevX.4.031027.json
PhysRevX.4.031028.json,C:/Users/hexie/Documents/APS-papers-data-010417-take2/aps-metadata/aps-dataset-metadata-2015/PRX\4\PhysRevX.4.031028.json
PhysRevX.4.031029.json,C:/Users/hexie/Documents/APS-papers-data-010417-take2/aps-metadata/aps-dataset-metadata-2015/PRX\4\PhysRevX.4.031029.json
PhysRevX.4.031030.json,C:/Users/hexie/Documents/APS-papers-data-010417-take2/aps-metadata/aps-dataset-metadata-2015/PRX\4\PhysRevX.4.031030.json
PhysRevX.4.031031.json,C:/Users/hexie/Documents/APS-papers-data-010417-take2/aps-metadata/aps-dataset-metadata-2015/PRX\4\PhysRevX.4.031031.json
PhysRevX.4.031032.json,C:/Users/hexie/Documents/APS-papers-data-010417-take2/aps-metadata/aps-dataset-metadata-2015/PRX\4\PhysRevX.4.031032.json
PhysRevX.4.031033.json,C:/Users/hexie/Documents/APS-papers-data-010417-take2/aps-metadata/aps-dataset-metadata-2015/PRX\4\PhysRevX.4.031033.json
PhysRevX.4.031034.json,C:/Users/hexie/Documents/APS-papers-data-010417-take2/aps-metadata/aps-dataset-metadata-2015/PRX\4\PhysRevX.4.031034.json
PhysRevX.4.031035.json,C:/Users/hexie/Documents/APS-papers-data-010417-take2/aps-metadata/aps-dataset-metadata-2015/PRX\4\PhysRevX.4.031035.json
PhysRevX.4.031036.json,C:/Users/hexie/Documents/APS-papers-data-010417-take2/aps-metadata/aps-dataset-metadata-2015/PRX\4\PhysRevX.4.031036.json
PhysRevX.4.031037.json,C:/Users/hexie/Documents/APS-papers-data-010417-take2/aps-metadata/aps-dataset-metadata-2015/PRX\4\PhysRevX.4.031037.json
PhysRevX.4.031038.json,C:/Users/hexie/Documents/APS-papers-data-010417-take2/aps-metadata/aps-dataset-metadata-2015/PRX\4\PhysRevX.4.031038.json
PhysRevX.4.031039.json,C:/Users/hexie/Documents/APS-papers-data-010417-take2/aps-metadata/aps-dataset-metadata-2015/PRX\4\PhysRevX.4.031039.json
PhysRevX.4.031040.json,C:/Users/hexie/Documents/APS-papers-data-010417-take2/aps-metadata/aps-dataset-metadata-2015/PRX\4\PhysRevX.4.031040.json
PhysRevX.4.031041.json,C:/Users/hexie/Documents/APS-papers-data-010417-take2/aps-metadata/aps-dataset-metadata-2015/PRX\4\PhysRevX.4.031041.json
PhysRevX.4.031042.json,C:/Users/hexie/Documents/APS-papers-data-010417-take2/aps-metadata/aps-dataset-metadata-2015/PRX\4\PhysRevX.4.031042.json
PhysRevX.4.031043.json,C:/Users/hexie/Documents/APS-papers-data-010417-take2/aps-metadata/aps-dataset-metadata-2015/PRX\4\PhysRevX.4.031043.json
PhysRevX.4.031044.json,C:/Users/hexie/Documents/APS-papers-data-010417-take2/aps-metadata/aps-dataset-metadata-2015/PRX\4\PhysRevX.4.031044.json
PhysRevX.4.031045.json,C:/Users/hexie/Documents/APS-papers-data-010417-take2/aps-metadata/aps-dataset-metadata-2015/PRX\4\PhysRevX.4.031045.json
PhysRevX.4.031046.json,C:/Users/hexie/Documents/APS-papers-data-010417-take2/aps-metadata/aps-dataset-metadata-2015/PRX\4\PhysRevX.4.031046.json
PhysRevX.4.031047.json,C:/Users/hexie/Documents/APS-papers-data-010417-take2/aps-metadata/aps-dataset-metadata-2015/PRX\4\PhysRevX.4.031047.json
PhysRevX.4.031048.json,C:/Users/hexie/Documents/APS-papers-data-010417-take2/aps-metadata/aps-dataset-metadata-2015/PRX\4\PhysRevX.4.031048.json
PhysRevX.4.031049.json,C:/Users/hexie/Documents/APS-papers-data-010417-take2/aps-metadata/aps-dataset-metadata-2015/PRX\4\PhysRevX.4.031049.json
PhysRevX.4.031050.json,C:/Users/hexie/Documents/APS-papers-data-010417-take2/aps-metadata/aps-dataset-metadata-2015/PRX\4\PhysRevX.4.031050.json
PhysRevX.4.031051.json,C:/Users/hexie/Documents/APS-papers-data-010417-take2/aps-metadata/aps-dataset-metadata-2015/PRX\4\PhysRevX.4.031051.json
PhysRevX.4.031052.json,C:/Users/hexie/Documents/APS-papers-data-010417-take2/aps-metadata/aps-dataset-metadata-2015/PRX\4\PhysRevX.4.031052.json
PhysRevX.4.031053.json,C:/Users/hexie/Documents/APS-papers-data-010417-take2/aps-metadata/aps-dataset-metadata-2015/PRX\4\PhysRevX.4.031053.json
PhysRevX.4.031054.json,C:/Users/hexie/Documents/APS-papers-data-010417-take2/aps-metadata/aps-dataset-metadata-2015/PRX\4\PhysRevX.4.031054.json
PhysRevX.4.031055.json,C:/Users/hexie/Documents/APS-papers-data-010417-take2/aps-metadata/aps-dataset-metadata-2015/PRX\4\PhysRevX.4.031055.json
PhysRevX.4.031056.json,C:/Users/hexie/Documents/APS-papers-data-010417-take2/aps-metadata/aps-dataset-metadata-2015/PRX\4\PhysRevX.4.031056.json
PhysRevX.4.031057.json,C:/Users/hexie/Documents/APS-papers-data-010417-take2/aps-metadata/aps-dataset-metadata-2015/PRX\4\PhysRevX.4.031057.json
PhysRevX.4.031058.json,C:/Users/hexie/Documents/APS-papers-data-010417-take2/aps-metadata/aps-dataset-metadata-2015/PRX\4\PhysRevX.4.031058.json
PhysRevX.4.039901.json,C:/Users/hexie/Documents/APS-papers-data-010417-take2/aps-metadata/aps-dataset-metadata-2015/PRX\4\PhysRevX.4.039901.json
PhysRevX.4.039902.json,C:/Users/hexie/Documents/APS-papers-data-010417-take2/aps-metadata/aps-dataset-metadata-2015/PRX\4\PhysRevX.4.039902.json
PhysRevX.4.040001.json,C:/Users/hexie/Documents/APS-papers-data-010417-take2/aps-metadata/aps-dataset-metadata-2015/PRX\4\PhysRevX.4.040001.json
PhysRevX.4.040002.json,C:/Users/hexie/Documents/APS-papers-data-010417-take2/aps-metadata/aps-dataset-metadata-2015/PRX\4\PhysRevX.4.040002.json
PhysRevX.4.041001.json,C:/Users/hexie/Documents/APS-papers-data-010417-take2/aps-metadata/aps-dataset-metadata-2015/PRX\4\PhysRevX.4.041001.json
PhysRevX.4.041002.json,C:/Users/hexie/Documents/APS-papers-data-010417-take2/aps-metadata/aps-dataset-metadata-2015/PRX\4\PhysRevX.4.041002.json
PhysRevX.4.041003.json,C:/Users/hexie/Documents/APS-papers-data-010417-take2/aps-metadata/aps-dataset-metadata-2015/PRX\4\PhysRevX.4.041003.json
PhysRevX.4.041004.json,C:/Users/hexie/Documents/APS-papers-data-010417-take2/aps-metadata/aps-dataset-metadata-2015/PRX\4\PhysRevX.4.041004.json
PhysRevX.4.041005.json,C:/Users/hexie/Documents/APS-papers-data-010417-take2/aps-metadata/aps-dataset-metadata-2015/PRX\4\PhysRevX.4.041005.json
PhysRevX.4.041006.json,C:/Users/hexie/Documents/APS-papers-data-010417-take2/aps-metadata/aps-dataset-metadata-2015/PRX\4\PhysRevX.4.041006.json
PhysRevX.4.041007.json,C:/Users/hexie/Documents/APS-papers-data-010417-take2/aps-metadata/aps-dataset-metadata-2015/PRX\4\PhysRevX.4.041007.json
PhysRevX.4.041008.json,C:/Users/hexie/Documents/APS-papers-data-010417-take2/aps-metadata/aps-dataset-metadata-2015/PRX\4\PhysRevX.4.041008.json
PhysRevX.4.041009.json,C:/Users/hexie/Documents/APS-papers-data-010417-take2/aps-metadata/aps-dataset-metadata-2015/PRX\4\PhysRevX.4.041009.json
PhysRevX.4.041010.json,C:/Users/hexie/Documents/APS-papers-data-010417-take2/aps-metadata/aps-dataset-metadata-2015/PRX\4\PhysRevX.4.041010.json
PhysRevX.4.041011.json,C:/Users/hexie/Documents/APS-papers-data-010417-take2/aps-metadata/aps-dataset-metadata-2015/PRX\4\PhysRevX.4.041011.json
PhysRevX.4.041012.json,C:/Users/hexie/Documents/APS-papers-data-010417-take2/aps-metadata/aps-dataset-metadata-2015/PRX\4\PhysRevX.4.041012.json
PhysRevX.4.041013.json,C:/Users/hexie/Documents/APS-papers-data-010417-take2/aps-metadata/aps-dataset-metadata-2015/PRX\4\PhysRevX.4.041013.json
PhysRevX.4.041014.json,C:/Users/hexie/Documents/APS-papers-data-010417-take2/aps-metadata/aps-dataset-metadata-2015/PRX\4\PhysRevX.4.041014.json
PhysRevX.4.041015.json,C:/Users/hexie/Documents/APS-papers-data-010417-take2/aps-metadata/aps-dataset-metadata-2015/PRX\4\PhysRevX.4.041015.json
PhysRevX.4.041016.json,C:/Users/hexie/Documents/APS-papers-data-010417-take2/aps-metadata/aps-dataset-metadata-2015/PRX\4\PhysRevX.4.041016.json
PhysRevX.4.041017.json,C:/Users/hexie/Documents/APS-papers-data-010417-take2/aps-metadata/aps-dataset-metadata-2015/PRX\4\PhysRevX.4.041017.json
PhysRevX.4.041018.json,C:/Users/hexie/Documents/APS-papers-data-010417-take2/aps-metadata/aps-dataset-metadata-2015/PRX\4\PhysRevX.4.041018.json
PhysRevX.4.041019.json,C:/Users/hexie/Documents/APS-papers-data-010417-take2/aps-metadata/aps-dataset-metadata-2015/PRX\4\PhysRevX.4.041019.json
PhysRevX.4.041020.json,C:/Users/hexie/Documents/APS-papers-data-010417-take2/aps-metadata/aps-dataset-metadata-2015/PRX\4\PhysRevX.4.041020.json
PhysRevX.4.041021.json,C:/Users/hexie/Documents/APS-papers-data-010417-take2/aps-metadata/aps-dataset-metadata-2015/PRX\4\PhysRevX.4.041021.json
PhysRevX.4.041022.json,C:/Users/hexie/Documents/APS-papers-data-010417-take2/aps-metadata/aps-dataset-metadata-2015/PRX\4\PhysRevX.4.041022.json
PhysRevX.4.041023.json,C:/Users/hexie/Documents/APS-papers-data-010417-take2/aps-metadata/aps-dataset-metadata-2015/PRX\4\PhysRevX.4.041023.json
PhysRevX.4.041024.json,C:/Users/hexie/Documents/APS-papers-data-010417-take2/aps-metadata/aps-dataset-metadata-2015/PRX\4\PhysRevX.4.041024.json
PhysRevX.4.041025.json,C:/Users/hexie/Documents/APS-papers-data-010417-take2/aps-metadata/aps-dataset-metadata-2015/PRX\4\PhysRevX.4.041025.json
PhysRevX.4.041026.json,C:/Users/hexie/Documents/APS-papers-data-010417-take2/aps-metadata/aps-dataset-metadata-2015/PRX\4\PhysRevX.4.041026.json
PhysRevX.4.041027.json,C:/Users/hexie/Documents/APS-papers-data-010417-take2/aps-metadata/aps-dataset-metadata-2015/PRX\4\PhysRevX.4.041027.json
PhysRevX.4.041028.json,C:/Users/hexie/Documents/APS-papers-data-010417-take2/aps-metadata/aps-dataset-metadata-2015/PRX\4\PhysRevX.4.041028.json
PhysRevX.4.041029.json,C:/Users/hexie/Documents/APS-papers-data-010417-take2/aps-metadata/aps-dataset-metadata-2015/PRX\4\PhysRevX.4.041029.json
PhysRevX.4.041030.json,C:/Users/hexie/Documents/APS-papers-data-010417-take2/aps-metadata/aps-dataset-metadata-2015/PRX\4\PhysRevX.4.041030.json
PhysRevX.4.041031.json,C:/Users/hexie/Documents/APS-papers-data-010417-take2/aps-metadata/aps-dataset-metadata-2015/PRX\4\PhysRevX.4.041031.json
PhysRevX.4.041032.json,C:/Users/hexie/Documents/APS-papers-data-010417-take2/aps-metadata/aps-dataset-metadata-2015/PRX\4\PhysRevX.4.041032.json
PhysRevX.4.041033.json,C:/Users/hexie/Documents/APS-papers-data-010417-take2/aps-metadata/aps-dataset-metadata-2015/PRX\4\PhysRevX.4.041033.json
PhysRevX.4.041034.json,C:/Users/hexie/Documents/APS-papers-data-010417-take2/aps-metadata/aps-dataset-metadata-2015/PRX\4\PhysRevX.4.041034.json
PhysRevX.4.041035.json,C:/Users/hexie/Documents/APS-papers-data-010417-take2/aps-metadata/aps-dataset-metadata-2015/PRX\4\PhysRevX.4.041035.json
PhysRevX.4.041036.json,C:/Users/hexie/Documents/APS-papers-data-010417-take2/aps-metadata/aps-dataset-metadata-2015/PRX\4\PhysRevX.4.041036.json
PhysRevX.4.041037.json,C:/Users/hexie/Documents/APS-papers-data-010417-take2/aps-metadata/aps-dataset-metadata-2015/PRX\4\PhysRevX.4.041037.json
PhysRevX.4.041038.json,C:/Users/hexie/Documents/APS-papers-data-010417-take2/aps-metadata/aps-dataset-metadata-2015/PRX\4\PhysRevX.4.041038.json
PhysRevX.4.041039.json,C:/Users/hexie/Documents/APS-papers-data-010417-take2/aps-metadata/aps-dataset-metadata-2015/PRX\4\PhysRevX.4.041039.json
PhysRevX.4.041040.json,C:/Users/hexie/Documents/APS-papers-data-010417-take2/aps-metadata/aps-dataset-metadata-2015/PRX\4\PhysRevX.4.041040.json
PhysRevX.4.041041.json,C:/Users/hexie/Documents/APS-papers-data-010417-take2/aps-metadata/aps-dataset-metadata-2015/PRX\4\PhysRevX.4.041041.json
PhysRevX.4.041042.json,C:/Users/hexie/Documents/APS-papers-data-010417-take2/aps-metadata/aps-dataset-metadata-2015/PRX\4\PhysRevX.4.041042.json
PhysRevX.4.041043.json,C:/Users/hexie/Documents/APS-papers-data-010417-take2/aps-metadata/aps-dataset-metadata-2015/PRX\4\PhysRevX.4.041043.json
PhysRevX.4.041044.json,C:/Users/hexie/Documents/APS-papers-data-010417-take2/aps-metadata/aps-dataset-metadata-2015/PRX\4\PhysRevX.4.041044.json
PhysRevX.4.041045.json,C:/Users/hexie/Documents/APS-papers-data-010417-take2/aps-metadata/aps-dataset-metadata-2015/PRX\4\PhysRevX.4.041045.json
PhysRevX.4.041046.json,C:/Users/hexie/Documents/APS-papers-data-010417-take2/aps-metadata/aps-dataset-metadata-2015/PRX\4\PhysRevX.4.041046.json
PhysRevX.4.041047.json,C:/Users/hexie/Documents/APS-papers-data-010417-take2/aps-metadata/aps-dataset-metadata-2015/PRX\4\PhysRevX.4.041047.json
PhysRevX.4.041048.json,C:/Users/hexie/Documents/APS-papers-data-010417-take2/aps-metadata/aps-dataset-metadata-2015/PRX\4\PhysRevX.4.041048.json
PhysRevX.4.041049.json,C:/Users/hexie/Documents/APS-papers-data-010417-take2/aps-metadata/aps-dataset-metadata-2015/PRX\4\PhysRevX.4.041049.json
PhysRevX.4.041050.json,C:/Users/hexie/Documents/APS-papers-data-010417-take2/aps-metadata/aps-dataset-metadata-2015/PRX\4\PhysRevX.4.041050.json
PhysRevX.4.049901.json,C:/Users/hexie/Documents/APS-papers-data-010417-take2/aps-metadata/aps-dataset-metadata-2015/PRX\4\PhysRevX.4.049901.json
PhysRevX.4.049902.json,C:/Users/hexie/Documents/APS-papers-data-010417-take2/aps-metadata/aps-dataset-metadata-2015/PRX\4\PhysRevX.4.049902.json
PhysRevX.5.011001.json,C:/Users/hexie/Documents/APS-papers-data-010417-take2/aps-metadata/aps-dataset-metadata-2015/PRX\5\PhysRevX.5.011001.json
PhysRevX.5.011002.json,C:/Users/hexie/Documents/APS-papers-data-010417-take2/aps-metadata/aps-dataset-metadata-2015/PRX\5\PhysRevX.5.011002.json
PhysRevX.5.011003.json,C:/Users/hexie/Documents/APS-papers-data-010417-take2/aps-metadata/aps-dataset-metadata-2015/PRX\5\PhysRevX.5.011003.json
PhysRevX.5.011004.json,C:/Users/hexie/Documents/APS-papers-data-010417-take2/aps-metadata/aps-dataset-metadata-2015/PRX\5\PhysRevX.5.011004.json
PhysRevX.5.011005.json,C:/Users/hexie/Documents/APS-papers-data-010417-take2/aps-metadata/aps-dataset-metadata-2015/PRX\5\PhysRevX.5.011005.json
PhysRevX.5.011006.json,C:/Users/hexie/Documents/APS-papers-data-010417-take2/aps-metadata/aps-dataset-metadata-2015/PRX\5\PhysRevX.5.011006.json
PhysRevX.5.011007.json,C:/Users/hexie/Documents/APS-papers-data-010417-take2/aps-metadata/aps-dataset-metadata-2015/PRX\5\PhysRevX.5.011007.json
PhysRevX.5.011008.json,C:/Users/hexie/Documents/APS-papers-data-010417-take2/aps-metadata/aps-dataset-metadata-2015/PRX\5\PhysRevX.5.011008.json
PhysRevX.5.011009.json,C:/Users/hexie/Documents/APS-papers-data-010417-take2/aps-metadata/aps-dataset-metadata-2015/PRX\5\PhysRevX.5.011009.json
PhysRevX.5.011010.json,C:/Users/hexie/Documents/APS-papers-data-010417-take2/aps-metadata/aps-dataset-metadata-2015/PRX\5\PhysRevX.5.011010.json
PhysRevX.5.011011.json,C:/Users/hexie/Documents/APS-papers-data-010417-take2/aps-metadata/aps-dataset-metadata-2015/PRX\5\PhysRevX.5.011011.json
PhysRevX.5.011012.json,C:/Users/hexie/Documents/APS-papers-data-010417-take2/aps-metadata/aps-dataset-metadata-2015/PRX\5\PhysRevX.5.011012.json
PhysRevX.5.011013.json,C:/Users/hexie/Documents/APS-papers-data-010417-take2/aps-metadata/aps-dataset-metadata-2015/PRX\5\PhysRevX.5.011013.json
PhysRevX.5.011014.json,C:/Users/hexie/Documents/APS-papers-data-010417-take2/aps-metadata/aps-dataset-metadata-2015/PRX\5\PhysRevX.5.011014.json
PhysRevX.5.011015.json,C:/Users/hexie/Documents/APS-papers-data-010417-take2/aps-metadata/aps-dataset-metadata-2015/PRX\5\PhysRevX.5.011015.json
PhysRevX.5.011016.json,C:/Users/hexie/Documents/APS-papers-data-010417-take2/aps-metadata/aps-dataset-metadata-2015/PRX\5\PhysRevX.5.011016.json
PhysRevX.5.011017.json,C:/Users/hexie/Documents/APS-papers-data-010417-take2/aps-metadata/aps-dataset-metadata-2015/PRX\5\PhysRevX.5.011017.json
PhysRevX.5.011018.json,C:/Users/hexie/Documents/APS-papers-data-010417-take2/aps-metadata/aps-dataset-metadata-2015/PRX\5\PhysRevX.5.011018.json
PhysRevX.5.011019.json,C:/Users/hexie/Documents/APS-papers-data-010417-take2/aps-metadata/aps-dataset-metadata-2015/PRX\5\PhysRevX.5.011019.json
PhysRevX.5.011020.json,C:/Users/hexie/Documents/APS-papers-data-010417-take2/aps-metadata/aps-dataset-metadata-2015/PRX\5\PhysRevX.5.011020.json
PhysRevX.5.011021.json,C:/Users/hexie/Documents/APS-papers-data-010417-take2/aps-metadata/aps-dataset-metadata-2015/PRX\5\PhysRevX.5.011021.json
PhysRevX.5.011022.json,C:/Users/hexie/Documents/APS-papers-data-010417-take2/aps-metadata/aps-dataset-metadata-2015/PRX\5\PhysRevX.5.011022.json
PhysRevX.5.011023.json,C:/Users/hexie/Documents/APS-papers-data-010417-take2/aps-metadata/aps-dataset-metadata-2015/PRX\5\PhysRevX.5.011023.json
PhysRevX.5.011024.json,C:/Users/hexie/Documents/APS-papers-data-010417-take2/aps-metadata/aps-dataset-metadata-2015/PRX\5\PhysRevX.5.011024.json
PhysRevX.5.011025.json,C:/Users/hexie/Documents/APS-papers-data-010417-take2/aps-metadata/aps-dataset-metadata-2015/PRX\5\PhysRevX.5.011025.json
PhysRevX.5.011026.json,C:/Users/hexie/Documents/APS-papers-data-010417-take2/aps-metadata/aps-dataset-metadata-2015/PRX\5\PhysRevX.5.011026.json
PhysRevX.5.011027.json,C:/Users/hexie/Documents/APS-papers-data-010417-take2/aps-metadata/aps-dataset-metadata-2015/PRX\5\PhysRevX.5.011027.json
PhysRevX.5.011028.json,C:/Users/hexie/Documents/APS-papers-data-010417-take2/aps-metadata/aps-dataset-metadata-2015/PRX\5\PhysRevX.5.011028.json
PhysRevX.5.011029.json,C:/Users/hexie/Documents/APS-papers-data-010417-take2/aps-metadata/aps-dataset-metadata-2015/PRX\5\PhysRevX.5.011029.json
PhysRevX.5.011030.json,C:/Users/hexie/Documents/APS-papers-data-010417-take2/aps-metadata/aps-dataset-metadata-2015/PRX\5\PhysRevX.5.011030.json
PhysRevX.5.011031.json,C:/Users/hexie/Documents/APS-papers-data-010417-take2/aps-metadata/aps-dataset-metadata-2015/PRX\5\PhysRevX.5.011031.json
PhysRevX.5.011032.json,C:/Users/hexie/Documents/APS-papers-data-010417-take2/aps-metadata/aps-dataset-metadata-2015/PRX\5\PhysRevX.5.011032.json
PhysRevX.5.011033.json,C:/Users/hexie/Documents/APS-papers-data-010417-take2/aps-metadata/aps-dataset-metadata-2015/PRX\5\PhysRevX.5.011033.json
PhysRevX.5.011034.json,C:/Users/hexie/Documents/APS-papers-data-010417-take2/aps-metadata/aps-dataset-metadata-2015/PRX\5\PhysRevX.5.011034.json
PhysRevX.5.011035.json,C:/Users/hexie/Documents/APS-papers-data-010417-take2/aps-metadata/aps-dataset-metadata-2015/PRX\5\PhysRevX.5.011035.json
PhysRevX.5.011036.json,C:/Users/hexie/Documents/APS-papers-data-010417-take2/aps-metadata/aps-dataset-metadata-2015/PRX\5\PhysRevX.5.011036.json
PhysRevX.5.011037.json,C:/Users/hexie/Documents/APS-papers-data-010417-take2/aps-metadata/aps-dataset-metadata-2015/PRX\5\PhysRevX.5.011037.json
PhysRevX.5.011038.json,C:/Users/hexie/Documents/APS-papers-data-010417-take2/aps-metadata/aps-dataset-metadata-2015/PRX\5\PhysRevX.5.011038.json
PhysRevX.5.011039.json,C:/Users/hexie/Documents/APS-papers-data-010417-take2/aps-metadata/aps-dataset-metadata-2015/PRX\5\PhysRevX.5.011039.json
PhysRevX.5.011040.json,C:/Users/hexie/Documents/APS-papers-data-010417-take2/aps-metadata/aps-dataset-metadata-2015/PRX\5\PhysRevX.5.011040.json
PhysRevX.5.011041.json,C:/Users/hexie/Documents/APS-papers-data-010417-take2/aps-metadata/aps-dataset-metadata-2015/PRX\5\PhysRevX.5.011041.json
PhysRevX.5.019901.json,C:/Users/hexie/Documents/APS-papers-data-010417-take2/aps-metadata/aps-dataset-metadata-2015/PRX\5\PhysRevX.5.019901.json
PhysRevX.5.019902.json,C:/Users/hexie/Documents/APS-papers-data-010417-take2/aps-metadata/aps-dataset-metadata-2015/PRX\5\PhysRevX.5.019902.json
PhysRevX.5.021001.json,C:/Users/hexie/Documents/APS-papers-data-010417-take2/aps-metadata/aps-dataset-metadata-2015/PRX\5\PhysRevX.5.021001.json
PhysRevX.5.021002.json,C:/Users/hexie/Documents/APS-papers-data-010417-take2/aps-metadata/aps-dataset-metadata-2015/PRX\5\PhysRevX.5.021002.json
PhysRevX.5.021003.json,C:/Users/hexie/Documents/APS-papers-data-010417-take2/aps-metadata/aps-dataset-metadata-2015/PRX\5\PhysRevX.5.021003.json
PhysRevX.5.021004.json,C:/Users/hexie/Documents/APS-papers-data-010417-take2/aps-metadata/aps-dataset-metadata-2015/PRX\5\PhysRevX.5.021004.json
PhysRevX.5.021005.json,C:/Users/hexie/Documents/APS-papers-data-010417-take2/aps-metadata/aps-dataset-metadata-2015/PRX\5\PhysRevX.5.021005.json
PhysRevX.5.021006.json,C:/Users/hexie/Documents/APS-papers-data-010417-take2/aps-metadata/aps-dataset-metadata-2015/PRX\5\PhysRevX.5.021006.json
PhysRevX.5.021007.json,C:/Users/hexie/Documents/APS-papers-data-010417-take2/aps-metadata/aps-dataset-metadata-2015/PRX\5\PhysRevX.5.021007.json
PhysRevX.5.021008.json,C:/Users/hexie/Documents/APS-papers-data-010417-take2/aps-metadata/aps-dataset-metadata-2015/PRX\5\PhysRevX.5.021008.json
PhysRevX.5.021009.json,C:/Users/hexie/Documents/APS-papers-data-010417-take2/aps-metadata/aps-dataset-metadata-2015/PRX\5\PhysRevX.5.021009.json
PhysRevX.5.021010.json,C:/Users/hexie/Documents/APS-papers-data-010417-take2/aps-metadata/aps-dataset-metadata-2015/PRX\5\PhysRevX.5.021010.json
PhysRevX.5.021011.json,C:/Users/hexie/Documents/APS-papers-data-010417-take2/aps-metadata/aps-dataset-metadata-2015/PRX\5\PhysRevX.5.021011.json
PhysRevX.5.021012.json,C:/Users/hexie/Documents/APS-papers-data-010417-take2/aps-metadata/aps-dataset-metadata-2015/PRX\5\PhysRevX.5.021012.json
PhysRevX.5.021013.json,C:/Users/hexie/Documents/APS-papers-data-010417-take2/aps-metadata/aps-dataset-metadata-2015/PRX\5\PhysRevX.5.021013.json
PhysRevX.5.021014.json,C:/Users/hexie/Documents/APS-papers-data-010417-take2/aps-metadata/aps-dataset-metadata-2015/PRX\5\PhysRevX.5.021014.json
PhysRevX.5.021015.json,C:/Users/hexie/Documents/APS-papers-data-010417-take2/aps-metadata/aps-dataset-metadata-2015/PRX\5\PhysRevX.5.021015.json
PhysRevX.5.021016.json,C:/Users/hexie/Documents/APS-papers-data-010417-take2/aps-metadata/aps-dataset-metadata-2015/PRX\5\PhysRevX.5.021016.json
PhysRevX.5.021017.json,C:/Users/hexie/Documents/APS-papers-data-010417-take2/aps-metadata/aps-dataset-metadata-2015/PRX\5\PhysRevX.5.021017.json
PhysRevX.5.021018.json,C:/Users/hexie/Documents/APS-papers-data-010417-take2/aps-metadata/aps-dataset-metadata-2015/PRX\5\PhysRevX.5.021018.json
PhysRevX.5.021019.json,C:/Users/hexie/Documents/APS-papers-data-010417-take2/aps-metadata/aps-dataset-metadata-2015/PRX\5\PhysRevX.5.021019.json
PhysRevX.5.021020.json,C:/Users/hexie/Documents/APS-papers-data-010417-take2/aps-metadata/aps-dataset-metadata-2015/PRX\5\PhysRevX.5.021020.json
PhysRevX.5.021021.json,C:/Users/hexie/Documents/APS-papers-data-010417-take2/aps-metadata/aps-dataset-metadata-2015/PRX\5\PhysRevX.5.021021.json
PhysRevX.5.021022.json,C:/Users/hexie/Documents/APS-papers-data-010417-take2/aps-metadata/aps-dataset-metadata-2015/PRX\5\PhysRevX.5.021022.json
PhysRevX.5.021023.json,C:/Users/hexie/Documents/APS-papers-data-010417-take2/aps-metadata/aps-dataset-metadata-2015/PRX\5\PhysRevX.5.021023.json
PhysRevX.5.021024.json,C:/Users/hexie/Documents/APS-papers-data-010417-take2/aps-metadata/aps-dataset-metadata-2015/PRX\5\PhysRevX.5.021024.json
PhysRevX.5.021025.json,C:/Users/hexie/Documents/APS-papers-data-010417-take2/aps-metadata/aps-dataset-metadata-2015/PRX\5\PhysRevX.5.021025.json
PhysRevX.5.021026.json,C:/Users/hexie/Documents/APS-papers-data-010417-take2/aps-metadata/aps-dataset-metadata-2015/PRX\5\PhysRevX.5.021026.json
PhysRevX.5.021027.json,C:/Users/hexie/Documents/APS-papers-data-010417-take2/aps-metadata/aps-dataset-metadata-2015/PRX\5\PhysRevX.5.021027.json
PhysRevX.5.021028.json,C:/Users/hexie/Documents/APS-papers-data-010417-take2/aps-metadata/aps-dataset-metadata-2015/PRX\5\PhysRevX.5.021028.json
PhysRevX.5.021029.json,C:/Users/hexie/Documents/APS-papers-data-010417-take2/aps-metadata/aps-dataset-metadata-2015/PRX\5\PhysRevX.5.021029.json
PhysRevX.5.021030.json,C:/Users/hexie/Documents/APS-papers-data-010417-take2/aps-metadata/aps-dataset-metadata-2015/PRX\5\PhysRevX.5.021030.json
PhysRevX.5.021031.json,C:/Users/hexie/Documents/APS-papers-data-010417-take2/aps-metadata/aps-dataset-metadata-2015/PRX\5\PhysRevX.5.021031.json
PhysRevX.5.021032.json,C:/Users/hexie/Documents/APS-papers-data-010417-take2/aps-metadata/aps-dataset-metadata-2015/PRX\5\PhysRevX.5.021032.json
PhysRevX.5.021033.json,C:/Users/hexie/Documents/APS-papers-data-010417-take2/aps-metadata/aps-dataset-metadata-2015/PRX\5\PhysRevX.5.021033.json
PhysRevX.5.021034.json,C:/Users/hexie/Documents/APS-papers-data-010417-take2/aps-metadata/aps-dataset-metadata-2015/PRX\5\PhysRevX.5.021034.json
PhysRevX.5.021035.json,C:/Users/hexie/Documents/APS-papers-data-010417-take2/aps-metadata/aps-dataset-metadata-2015/PRX\5\PhysRevX.5.021035.json
PhysRevX.5.029901.json,C:/Users/hexie/Documents/APS-papers-data-010417-take2/aps-metadata/aps-dataset-metadata-2015/PRX\5\PhysRevX.5.029901.json
PhysRevX.5.029902.json,C:/Users/hexie/Documents/APS-papers-data-010417-take2/aps-metadata/aps-dataset-metadata-2015/PRX\5\PhysRevX.5.029902.json
PhysRevX.5.031001.json,C:/Users/hexie/Documents/APS-papers-data-010417-take2/aps-metadata/aps-dataset-metadata-2015/PRX\5\PhysRevX.5.031001.json
PhysRevX.5.031002.json,C:/Users/hexie/Documents/APS-papers-data-010417-take2/aps-metadata/aps-dataset-metadata-2015/PRX\5\PhysRevX.5.031002.json
PhysRevX.5.031003.json,C:/Users/hexie/Documents/APS-papers-data-010417-take2/aps-metadata/aps-dataset-metadata-2015/PRX\5\PhysRevX.5.031003.json
PhysRevX.5.031004.json,C:/Users/hexie/Documents/APS-papers-data-010417-take2/aps-metadata/aps-dataset-metadata-2015/PRX\5\PhysRevX.5.031004.json
PhysRevX.5.031005.json,C:/Users/hexie/Documents/APS-papers-data-010417-take2/aps-metadata/aps-dataset-metadata-2015/PRX\5\PhysRevX.5.031005.json
PhysRevX.5.031006.json,C:/Users/hexie/Documents/APS-papers-data-010417-take2/aps-metadata/aps-dataset-metadata-2015/PRX\5\PhysRevX.5.031006.json
PhysRevX.5.031007.json,C:/Users/hexie/Documents/APS-papers-data-010417-take2/aps-metadata/aps-dataset-metadata-2015/PRX\5\PhysRevX.5.031007.json
PhysRevX.5.031008.json,C:/Users/hexie/Documents/APS-papers-data-010417-take2/aps-metadata/aps-dataset-metadata-2015/PRX\5\PhysRevX.5.031008.json
PhysRevX.5.031009.json,C:/Users/hexie/Documents/APS-papers-data-010417-take2/aps-metadata/aps-dataset-metadata-2015/PRX\5\PhysRevX.5.031009.json
PhysRevX.5.031010.json,C:/Users/hexie/Documents/APS-papers-data-010417-take2/aps-metadata/aps-dataset-metadata-2015/PRX\5\PhysRevX.5.031010.json
PhysRevX.5.031011.json,C:/Users/hexie/Documents/APS-papers-data-010417-take2/aps-metadata/aps-dataset-metadata-2015/PRX\5\PhysRevX.5.031011.json
PhysRevX.5.031012.json,C:/Users/hexie/Documents/APS-papers-data-010417-take2/aps-metadata/aps-dataset-metadata-2015/PRX\5\PhysRevX.5.031012.json
PhysRevX.5.031013.json,C:/Users/hexie/Documents/APS-papers-data-010417-take2/aps-metadata/aps-dataset-metadata-2015/PRX\5\PhysRevX.5.031013.json
PhysRevX.5.031014.json,C:/Users/hexie/Documents/APS-papers-data-010417-take2/aps-metadata/aps-dataset-metadata-2015/PRX\5\PhysRevX.5.031014.json
PhysRevX.5.031015.json,C:/Users/hexie/Documents/APS-papers-data-010417-take2/aps-metadata/aps-dataset-metadata-2015/PRX\5\PhysRevX.5.031015.json
PhysRevX.5.031016.json,C:/Users/hexie/Documents/APS-papers-data-010417-take2/aps-metadata/aps-dataset-metadata-2015/PRX\5\PhysRevX.5.031016.json
PhysRevX.5.031017.json,C:/Users/hexie/Documents/APS-papers-data-010417-take2/aps-metadata/aps-dataset-metadata-2015/PRX\5\PhysRevX.5.031017.json
PhysRevX.5.031018.json,C:/Users/hexie/Documents/APS-papers-data-010417-take2/aps-metadata/aps-dataset-metadata-2015/PRX\5\PhysRevX.5.031018.json
PhysRevX.5.031019.json,C:/Users/hexie/Documents/APS-papers-data-010417-take2/aps-metadata/aps-dataset-metadata-2015/PRX\5\PhysRevX.5.031019.json
PhysRevX.5.031020.json,C:/Users/hexie/Documents/APS-papers-data-010417-take2/aps-metadata/aps-dataset-metadata-2015/PRX\5\PhysRevX.5.031020.json
PhysRevX.5.031021.json,C:/Users/hexie/Documents/APS-papers-data-010417-take2/aps-metadata/aps-dataset-metadata-2015/PRX\5\PhysRevX.5.031021.json
PhysRevX.5.031022.json,C:/Users/hexie/Documents/APS-papers-data-010417-take2/aps-metadata/aps-dataset-metadata-2015/PRX\5\PhysRevX.5.031022.json
PhysRevX.5.031023.json,C:/Users/hexie/Documents/APS-papers-data-010417-take2/aps-metadata/aps-dataset-metadata-2015/PRX\5\PhysRevX.5.031023.json
PhysRevX.5.031024.json,C:/Users/hexie/Documents/APS-papers-data-010417-take2/aps-metadata/aps-dataset-metadata-2015/PRX\5\PhysRevX.5.031024.json
PhysRevX.5.031025.json,C:/Users/hexie/Documents/APS-papers-data-010417-take2/aps-metadata/aps-dataset-metadata-2015/PRX\5\PhysRevX.5.031025.json
PhysRevX.5.031026.json,C:/Users/hexie/Documents/APS-papers-data-010417-take2/aps-metadata/aps-dataset-metadata-2015/PRX\5\PhysRevX.5.031026.json
PhysRevX.5.031027.json,C:/Users/hexie/Documents/APS-papers-data-010417-take2/aps-metadata/aps-dataset-metadata-2015/PRX\5\PhysRevX.5.031027.json
PhysRevX.5.031028.json,C:/Users/hexie/Documents/APS-papers-data-010417-take2/aps-metadata/aps-dataset-metadata-2015/PRX\5\PhysRevX.5.031028.json
PhysRevX.5.031029.json,C:/Users/hexie/Documents/APS-papers-data-010417-take2/aps-metadata/aps-dataset-metadata-2015/PRX\5\PhysRevX.5.031029.json
PhysRevX.5.031030.json,C:/Users/hexie/Documents/APS-papers-data-010417-take2/aps-metadata/aps-dataset-metadata-2015/PRX\5\PhysRevX.5.031030.json
PhysRevX.5.031031.json,C:/Users/hexie/Documents/APS-papers-data-010417-take2/aps-metadata/aps-dataset-metadata-2015/PRX\5\PhysRevX.5.031031.json
PhysRevX.5.031032.json,C:/Users/hexie/Documents/APS-papers-data-010417-take2/aps-metadata/aps-dataset-metadata-2015/PRX\5\PhysRevX.5.031032.json
PhysRevX.5.031033.json,C:/Users/hexie/Documents/APS-papers-data-010417-take2/aps-metadata/aps-dataset-metadata-2015/PRX\5\PhysRevX.5.031033.json
PhysRevX.5.031034.json,C:/Users/hexie/Documents/APS-papers-data-010417-take2/aps-metadata/aps-dataset-metadata-2015/PRX\5\PhysRevX.5.031034.json
PhysRevX.5.031035.json,C:/Users/hexie/Documents/APS-papers-data-010417-take2/aps-metadata/aps-dataset-metadata-2015/PRX\5\PhysRevX.5.031035.json
PhysRevX.5.031036.json,C:/Users/hexie/Documents/APS-papers-data-010417-take2/aps-metadata/aps-dataset-metadata-2015/PRX\5\PhysRevX.5.031036.json
PhysRevX.5.031037.json,C:/Users/hexie/Documents/APS-papers-data-010417-take2/aps-metadata/aps-dataset-metadata-2015/PRX\5\PhysRevX.5.031037.json
PhysRevX.5.031038.json,C:/Users/hexie/Documents/APS-papers-data-010417-take2/aps-metadata/aps-dataset-metadata-2015/PRX\5\PhysRevX.5.031038.json
PhysRevX.5.031039.json,C:/Users/hexie/Documents/APS-papers-data-010417-take2/aps-metadata/aps-dataset-metadata-2015/PRX\5\PhysRevX.5.031039.json
PhysRevX.5.031040.json,C:/Users/hexie/Documents/APS-papers-data-010417-take2/aps-metadata/aps-dataset-metadata-2015/PRX\5\PhysRevX.5.031040.json
PhysRevX.5.031041.json,C:/Users/hexie/Documents/APS-papers-data-010417-take2/aps-metadata/aps-dataset-metadata-2015/PRX\5\PhysRevX.5.031041.json
PhysRevX.5.031042.json,C:/Users/hexie/Documents/APS-papers-data-010417-take2/aps-metadata/aps-dataset-metadata-2015/PRX\5\PhysRevX.5.031042.json
PhysRevX.5.031043.json,C:/Users/hexie/Documents/APS-papers-data-010417-take2/aps-metadata/aps-dataset-metadata-2015/PRX\5\PhysRevX.5.031043.json
PhysRevX.5.031044.json,C:/Users/hexie/Documents/APS-papers-data-010417-take2/aps-metadata/aps-dataset-metadata-2015/PRX\5\PhysRevX.5.031044.json
PhysRevX.5.041001.json,C:/Users/hexie/Documents/APS-papers-data-010417-take2/aps-metadata/aps-dataset-metadata-2015/PRX\5\PhysRevX.5.041001.json
PhysRevX.5.041002.json,C:/Users/hexie/Documents/APS-papers-data-010417-take2/aps-metadata/aps-dataset-metadata-2015/PRX\5\PhysRevX.5.041002.json
PhysRevX.5.041003.json,C:/Users/hexie/Documents/APS-papers-data-010417-take2/aps-metadata/aps-dataset-metadata-2015/PRX\5\PhysRevX.5.041003.json
PhysRevX.5.041004.json,C:/Users/hexie/Documents/APS-papers-data-010417-take2/aps-metadata/aps-dataset-metadata-2015/PRX\5\PhysRevX.5.041004.json
PhysRevX.5.041005.json,C:/Users/hexie/Documents/APS-papers-data-010417-take2/aps-metadata/aps-dataset-metadata-2015/PRX\5\PhysRevX.5.041005.json
PhysRevX.5.041006.json,C:/Users/hexie/Documents/APS-papers-data-010417-take2/aps-metadata/aps-dataset-metadata-2015/PRX\5\PhysRevX.5.041006.json
PhysRevX.5.041007.json,C:/Users/hexie/Documents/APS-papers-data-010417-take2/aps-metadata/aps-dataset-metadata-2015/PRX\5\PhysRevX.5.041007.json
PhysRevX.5.041008.json,C:/Users/hexie/Documents/APS-papers-data-010417-take2/aps-metadata/aps-dataset-metadata-2015/PRX\5\PhysRevX.5.041008.json
PhysRevX.5.041009.json,C:/Users/hexie/Documents/APS-papers-data-010417-take2/aps-metadata/aps-dataset-metadata-2015/PRX\5\PhysRevX.5.041009.json
PhysRevX.5.041010.json,C:/Users/hexie/Documents/APS-papers-data-010417-take2/aps-metadata/aps-dataset-metadata-2015/PRX\5\PhysRevX.5.041010.json
PhysRevX.5.041011.json,C:/Users/hexie/Documents/APS-papers-data-010417-take2/aps-metadata/aps-dataset-metadata-2015/PRX\5\PhysRevX.5.041011.json
PhysRevX.5.041012.json,C:/Users/hexie/Documents/APS-papers-data-010417-take2/aps-metadata/aps-dataset-metadata-2015/PRX\5\PhysRevX.5.041012.json
PhysRevX.5.041013.json,C:/Users/hexie/Documents/APS-papers-data-010417-take2/aps-metadata/aps-dataset-metadata-2015/PRX\5\PhysRevX.5.041013.json
PhysRevX.5.041014.json,C:/Users/hexie/Documents/APS-papers-data-010417-take2/aps-metadata/aps-dataset-metadata-2015/PRX\5\PhysRevX.5.041014.json
PhysRevX.5.041015.json,C:/Users/hexie/Documents/APS-papers-data-010417-take2/aps-metadata/aps-dataset-metadata-2015/PRX\5\PhysRevX.5.041015.json
PhysRevX.5.041016.json,C:/Users/hexie/Documents/APS-papers-data-010417-take2/aps-metadata/aps-dataset-metadata-2015/PRX\5\PhysRevX.5.041016.json
PhysRevX.5.041017.json,C:/Users/hexie/Documents/APS-papers-data-010417-take2/aps-metadata/aps-dataset-metadata-2015/PRX\5\PhysRevX.5.041017.json
PhysRevX.5.041018.json,C:/Users/hexie/Documents/APS-papers-data-010417-take2/aps-metadata/aps-dataset-metadata-2015/PRX\5\PhysRevX.5.041018.json
PhysRevX.5.041019.json,C:/Users/hexie/Documents/APS-papers-data-010417-take2/aps-metadata/aps-dataset-metadata-2015/PRX\5\PhysRevX.5.041019.json
PhysRevX.5.041020.json,C:/Users/hexie/Documents/APS-papers-data-010417-take2/aps-metadata/aps-dataset-metadata-2015/PRX\5\PhysRevX.5.041020.json
PhysRevX.5.041021.json,C:/Users/hexie/Documents/APS-papers-data-010417-take2/aps-metadata/aps-dataset-metadata-2015/PRX\5\PhysRevX.5.041021.json
PhysRevX.5.041022.json,C:/Users/hexie/Documents/APS-papers-data-010417-take2/aps-metadata/aps-dataset-metadata-2015/PRX\5\PhysRevX.5.041022.json
PhysRevX.5.041023.json,C:/Users/hexie/Documents/APS-papers-data-010417-take2/aps-metadata/aps-dataset-metadata-2015/PRX\5\PhysRevX.5.041023.json
PhysRevX.5.041024.json,C:/Users/hexie/Documents/APS-papers-data-010417-take2/aps-metadata/aps-dataset-metadata-2015/PRX\5\PhysRevX.5.041024.json
PhysRevX.5.041025.json,C:/Users/hexie/Documents/APS-papers-data-010417-take2/aps-metadata/aps-dataset-metadata-2015/PRX\5\PhysRevX.5.041025.json
PhysRevX.5.041026.json,C:/Users/hexie/Documents/APS-papers-data-010417-take2/aps-metadata/aps-dataset-metadata-2015/PRX\5\PhysRevX.5.041026.json
PhysRevX.5.041027.json,C:/Users/hexie/Documents/APS-papers-data-010417-take2/aps-metadata/aps-dataset-metadata-2015/PRX\5\PhysRevX.5.041027.json
PhysRevX.5.041028.json,C:/Users/hexie/Documents/APS-papers-data-010417-take2/aps-metadata/aps-dataset-metadata-2015/PRX\5\PhysRevX.5.041028.json
PhysRevX.5.041029.json,C:/Users/hexie/Documents/APS-papers-data-010417-take2/aps-metadata/aps-dataset-metadata-2015/PRX\5\PhysRevX.5.041029.json
PhysRevX.5.041030.json,C:/Users/hexie/Documents/APS-papers-data-010417-take2/aps-metadata/aps-dataset-metadata-2015/PRX\5\PhysRevX.5.041030.json
PhysRevX.5.041031.json,C:/Users/hexie/Documents/APS-papers-data-010417-take2/aps-metadata/aps-dataset-metadata-2015/PRX\5\PhysRevX.5.041031.json
PhysRevX.5.041032.json,C:/Users/hexie/Documents/APS-papers-data-010417-take2/aps-metadata/aps-dataset-metadata-2015/PRX\5\PhysRevX.5.041032.json
PhysRevX.5.041033.json,C:/Users/hexie/Documents/APS-papers-data-010417-take2/aps-metadata/aps-dataset-metadata-2015/PRX\5\PhysRevX.5.041033.json
PhysRevX.5.041034.json,C:/Users/hexie/Documents/APS-papers-data-010417-take2/aps-metadata/aps-dataset-metadata-2015/PRX\5\PhysRevX.5.041034.json
PhysRevX.5.041035.json,C:/Users/hexie/Documents/APS-papers-data-010417-take2/aps-metadata/aps-dataset-metadata-2015/PRX\5\PhysRevX.5.041035.json
PhysRevX.5.041036.json,C:/Users/hexie/Documents/APS-papers-data-010417-take2/aps-metadata/aps-dataset-metadata-2015/PRX\5\PhysRevX.5.041036.json
PhysRevX.5.041037.json,C:/Users/hexie/Documents/APS-papers-data-010417-take2/aps-metadata/aps-dataset-metadata-2015/PRX\5\PhysRevX.5.041037.json
PhysRevX.5.041038.json,C:/Users/hexie/Documents/APS-papers-data-010417-take2/aps-metadata/aps-dataset-metadata-2015/PRX\5\PhysRevX.5.041038.json
PhysRevX.5.041039.json,C:/Users/hexie/Documents/APS-papers-data-010417-take2/aps-metadata/aps-dataset-metadata-2015/PRX\5\PhysRevX.5.041039.json
PhysRevX.5.041040.json,C:/Users/hexie/Documents/APS-papers-data-010417-take2/aps-metadata/aps-dataset-metadata-2015/PRX\5\PhysRevX.5.041040.json
PhysRevX.5.041041.json,C:/Users/hexie/Documents/APS-papers-data-010417-take2/aps-metadata/aps-dataset-metadata-2015/PRX\5\PhysRevX.5.041041.json
PhysRevX.5.041042.json,C:/Users/hexie/Documents/APS-papers-data-010417-take2/aps-metadata/aps-dataset-metadata-2015/PRX\5\PhysRevX.5.041042.json
PhysRevX.5.041043.json,C:/Users/hexie/Documents/APS-papers-data-010417-take2/aps-metadata/aps-dataset-metadata-2015/PRX\5\PhysRevX.5.041043.json
PhysRevX.5.041044.json,C:/Users/hexie/Documents/APS-papers-data-010417-take2/aps-metadata/aps-dataset-metadata-2015/PRX\5\PhysRevX.5.041044.json
PhysRevX.5.041045.json,C:/Users/hexie/Documents/APS-papers-data-010417-take2/aps-metadata/aps-dataset-metadata-2015/PRX\5\PhysRevX.5.041045.json
PhysRevX.5.041046.json,C:/Users/hexie/Documents/APS-papers-data-010417-take2/aps-metadata/aps-dataset-metadata-2015/PRX\5\PhysRevX.5.041046.json
PhysRevX.5.041047.json,C:/Users/hexie/Documents/APS-papers-data-010417-take2/aps-metadata/aps-dataset-metadata-2015/PRX\5\PhysRevX.5.041047.json
PhysRevX.5.041048.json,C:/Users/hexie/Documents/APS-papers-data-010417-take2/aps-metadata/aps-dataset-metadata-2015/PRX\5\PhysRevX.5.041048.json
PhysRevX.5.041049.json,C:/Users/hexie/Documents/APS-papers-data-010417-take2/aps-metadata/aps-dataset-metadata-2015/PRX\5\PhysRevX.5.041049.json
PhysRevX.5.041050.json,C:/Users/hexie/Documents/APS-papers-data-010417-take2/aps-metadata/aps-dataset-metadata-2015/PRX\5\PhysRevX.5.041050.json
PhysRevX.5.041051.json,C:/Users/hexie/Documents/APS-papers-data-010417-take2/aps-metadata/aps-dataset-metadata-2015/PRX\5\PhysRevX.5.041051.json
PhysRevX.5.041052.json,C:/Users/hexie/Documents/APS-papers-data-010417-take2/aps-metadata/aps-dataset-metadata-2015/PRX\5\PhysRevX.5.041052.json
PhysRevX.5.041053.json,C:/Users/hexie/Documents/APS-papers-data-010417-take2/aps-metadata/aps-dataset-metadata-2015/PRX\5\PhysRevX.5.041053.json
